ID,Neonic,Conc,Group,Lin,HatchDate,IntoPints,PupDate,DeathPreRX,DeathPostRX,TimePostRX,EclosDate,OEScore,Sex,WeightEclos,Day1Amount,Day2Amount,Day3Amount,Day4Amount,Day5Amount,TotalAmount,AverageAmount,Day2Loss,Day3Loss,Day4Loss,Day5Loss,Day2PerLoss,Day3PerLoss,Day4PerLoss,Day5PerLoss,WeightPostCages,SurvivedRX,FeedingDayDeath,DeathResultofRX,DateFirstFeeding,DateIntoCages,Matings,NumberMated,DateInOv,DateOutOV,Eggs,EggScore,Contact,Feeding,Flying,Mating,Notes
1,CL,0,CL0,A,5/12/2019,5/14/2019,5/22/2019,,6/28/2019,23,6/3/2019,0,M,0.6606,0.0856,0.1476,0.0771,0.2392,0.2644,0.8139,0.16278,0.0286,0.0364,0.0659,-0.0265,0.043293975,0.057594937,0.110644728,-0.050028318,0.583,1,,,6/5/2019,6/14/2019,1,,,,,,0,0,45,0,
2,CL,0,CL0,A,5/12/2019,5/14/2019,5/21/2019,,7/1/2019,27,5/31/2019,0,F,0.5474,0.0844,0.097,0.1857,0.2147,0.2122,0.794,0.1588,0.0301,0.0416,0.0038,-0.0229,0.060115838,0.08839779,0.008857809,-0.053857008,0.6364,1,,,6/4/2019,6/14/2019,0,,,,,,10,0,65,0,
3,CL,0,CL0,A,5/12/2019,5/14/2019,,5/26/2019,,,,,,,,,,,,,,,,,,,,,,,,,0,,,,,,,,,,,,,
4,CL,0,CL0,A,5/12/2019,5/14/2019,5/21/2019,,6/27/2019,23,5/31/2019,0,F,0.4988,0.0685,0.1279,0.1197,0.1254,0.1618,0.6033,0.12066,0.0776,0.0073,0.049,0.006,0.155573376,0.017331434,0.118386084,0.016442861,0.5279,1,,,6/4/2019,6/14/2019,1,,,,,,0,0,5,300,
5,CL,0,CL0,A,5/12/2019,5/14/2019,5/22/2019,,6/26/2019,22,6/1/2019,0,M,0.6957,0.0504,0.0805,0.1329,0.2037,0.1878,0.6553,0.13106,0.0848,0.026,0.0501,-0.0229,0.130642428,0.046074783,0.093070778,-0.046907005,0.4783,1,,,6/4/2019,6/14/2019,2,,,,,,15,0,63,1800,
6,CL,0,CL0,A,5/12/2019,5/14/2019,5/22/2019,,6/26/2019,22,5/31/2019,0,M,0.6268,0.1382,0.14,0.2484,0.1772,0.7418,1.4456,0.28912,0.028,0.0406,0.0166,,0.048118233,0.073298429,0.032339762,,0.4601,1,,,6/4/2019,6/14/2019,0,,,,,,8,0,30,0,
7,CL,0,CL0,A,5/12/2019,5/15/2019,5/24/2019,,6/26/2019,21,6/3/2019,0,M,0.6101,0.1073,0.1397,0.2151,0.2637,0.2917,1.0175,0.2035,0.052,0.0076,0.0525,-0.0237,0.085231929,0.013617631,0.095367847,-0.047590361,0.4446,1,,,6/5/2019,6/14/2019,4,,,,,,0,60,20,600,
8,CL,0,CL0,A,5/12/2019,5/15/2019,5/22/2019,,6/26/2019,22,6/1/2019,0,F,0.609,0.0478,0.0952,0.1853,0.2475,0.2501,0.8259,0.16518,0.0567,0.0375,0.0278,-0.0016,0.097859855,0.071742874,0.05729596,-0.003498032,0.5128,1,,,6/4/2019,6/14/2019,2,,,,,,630,600,13,1200,
9,CL,0,CL0,B,5/12/2019,5/14/2019,5/22/2019,,7/16/2019,42,6/1/2019,0,F,0.6649,0.2022,0.2449,0.2493,0.3063,0.3411,1.3438,0.26876,0.0067,0.0315,0.0428,-0.0396,0.010985407,0.052221485,0.074864439,-0.074872377,0.6663,1,,,6/4/2019,6/14/2019,3,3,6/21/2019,6/24/2019,368,3,10,600,35,1200,
10,CL,0,CL0,B,5/12/2019,5/14/2019,5/23/2019,,6/25/2019,20,6/2/2019,0,M,0.7774,0.0654,0.2689,0.2269,0.3803,0.3386,1.2801,0.25602,0.05,0.0069,0.034,-0.0184,0.067204301,0.009942363,0.049483336,-0.028173327,0.5638,1,,,6/5/2019,6/14/2019,0,,,,,,27,0,9,0,
11,CL,0,CL0,B,5/12/2019,5/14/2019,5/22/2019,,7/14/2019,39,6/1/2019,0,M,0.6725,0.0542,0.0676,0.7364,0.2605,0.2287,1.3474,0.26948,0.0714,,,-0.0149,0.114920328,,,-0.029734584,0.8385,1,,,6/5/2019,6/14/2019,0,,,,,,5,0,4,0,
12,CL,0,CL0,B,5/12/2019,5/14/2019,5/22/2019,,7/8/2019,33,6/2/2019,0,F,0.6128,0.2121,0.0934,0.2358,0.2025,0.2196,0.9634,0.19268,0.0051,0.0196,0.0197,-0.0079,0.009058615,0.035131744,0.036596693,-0.01523332,0.8013,1,,,6/5/2019,6/14/2019,2,2,6/24/2019,6/27/2019,332,3,20,0,0,600,
13,CL,0,CL0,B,5/12/2019,5/14/2019,5/22/2019,,7/9/2019,34,6/2/2019,0,F,0.6255,0.1294,0.2599,0.1899,0.284,0.2757,1.1389,0.22778,0.0425,-0.0195,0.0267,-0.0359,0.07408053,-0.036709337,0.048483748,-0.06851145,0.658,1,,,6/5/2019,6/14/2019,1,,,,,,2,1800,58,600,
14,CL,0,CL0,B,5/12/2019,5/15/2019,5/23/2019,,7/4/2019,29,6/2/2019,0,M,0.6727,0.0912,0.2357,0.2222,0.325,0.2119,1.086,0.2172,0.0366,0.0056,0.0257,-0.0323,0.057810772,0.009388097,0.043492977,-0.057147912,0.5912,1,,,6/5/2019,6/14/2019,3,,,,,,0,600,52,1200,
15,CL,0,CL0,B,5/12/2019,5/15/2019,5/22/2019,,6/30/2019,26,6/1/2019,0,F,0.563,0.0587,0.0609,0.1901,0.1018,0.1488,0.5603,0.11206,0.0281,0.0324,-0.0034,-0.0078,0.052366754,0.063716814,-0.007141357,-0.016266945,0.6394,1,,,6/4/2019,6/14/2019,2,2,6/21/2019,6/24/2019,193,3,3,600,128,0,
16,CL,0,CL0,D,5/12/2019,5/15/2019,5/22/2019,,6/23/2019,19,6/1/2019,0,M,0.7134,0.1621,0.112,0.1922,0.2114,0.1616,0.8393,0.16786,0.0403,0.0606,0.0374,-0.0407,0.058987119,0.094260383,0.064228061,-0.074692604,0.5259,1,,,6/4/2019,6/14/2019,0,,,,,,5,0,5,0,
17,CL,0,CL0,D,5/12/2019,5/15/2019,5/22/2019,,7/3/2019,29,6/1/2019,0,M,0.7193,0.1277,0.0759,0.1497,0.1282,0.6502,1.1317,0.22634,0.0689,0.0599,0.0352,,0.1001017,0.09670649,0.062913315,,0.6114,1,,,6/4/2019,6/14/2019,4,,,,,,0,0,87,1200,
18,CL,0,CL0,D,5/12/2019,5/15/2019,5/24/2019,,7/5/2019,30,6/2/2019,0,M,0.7588,0.042,0.0557,0.1007,0.1353,0.1264,0.4601,0.09202,0.0565,0.0157,0.0415,-0.0036,0.081706435,0.024724409,0.067011142,-0.00623053,0.7029,1,,,6/5/2019,6/14/2019,0,,,,,,0,0,5,0,
19,CL,0,CL0,D,5/12/2019,5/15/2019,5/23/2019,,6/26/2019,22,6/1/2019,0,M,0.5388,0.1417,0.1452,0.1941,0.1464,0.2038,0.8312,0.16624,0.0146,0.0316,0.0012,-0.0035,0.028366038,0.063187363,0.002561366,-0.007489835,0.4628,1,,,6/4/2019,6/14/2019,0,,,,,,7,0,13,0,
20,CL,0,CL0,D,5/12/2019,5/15/2019,5/23/2019,,6/25/2019,21,6/1/2019,0,M,0.6817,0.0559,0.0571,0.2316,0.1435,0.1702,0.6583,0.13166,0.0717,0.0424,0.0426,-0.0012,0.10939884,0.072640055,0.078699427,-0.002406256,0.5266,1,,,6/4/2019,6/14/2019,0,,,,,,0,0,10,0,
21,CL,0,CL0,D,5/12/2019,5/15/2019,5/23/2019,,7/5/2019,31,6/1/2019,0,F,0.6569,0.1182,0.0996,0.1366,0.1637,0.1934,0.7115,0.1423,0.0449,0.0288,0.0422,0.0076,0.071909033,0.049698016,0.076629744,0.014945919,0.7087,1,,,6/4/2019,6/14/2019,5,5,6/24/2019,6/27/2019,155,2,10,30,80,2400,
22,CL,0,CL0,D,5/12/2019,5/15/2019,5/23/2019,,7/4/2019,29,6/1/2019,0,M,0.6625,0.1559,0.0996,0.1748,0.1801,0.1697,0.7801,0.15602,-0.0022,0.0227,0.0386,-0.0145,-0.003810844,0.0391717,0.069324713,-0.027981474,0.5882,1,,,6/5/2019,6/14/2019,1,,,,,,0,60,32,0,
23,CL,0,CL0,F,5/12/2019,5/14/2019,5/23/2019,,7/5/2019,30,6/1/2019,0,M,0.5973,0.1067,0.1615,0.1189,0.1726,0.1732,0.7329,0.14658,0.0374,0.0153,0.0406,-0.0104,0.070940819,0.03123724,0.085563751,-0.023968656,0.6061,1,,,6/5/2019,6/14/2019,3,,,,,,3,0,30,600,
24,CL,0,CL0,F,5/12/2019,5/14/2019,5/22/2019,,7/8/2019,34,5/31/2019,0,F,0.5174,0.1221,0.1082,0.1724,0.1505,0.1672,0.7204,0.14408,0.0382,0.0207,0.0094,-0.0081,0.079616507,0.046875,0.022333096,-0.019684083,0.6474,1,,,6/4/2019,6/14/2019,1,,,,,,0,35,207,0,
25,CL,0,CL0,F,5/12/2019,5/14/2019,5/23/2019,,6/27/2019,22,6/1/2019,0,M,0.6918,0.0819,0.0921,0.0981,0.1233,0.1215,0.5169,0.10338,0.0637,-0.0003,0.0316,0.0162,0.106789606,-0.000563063,0.059275933,0.032303091,0.512,1,,,6/5/2019,6/14/2019,1,,,,,,0,0,29,0,
26,CL,0,CL0,F,5/12/2019,5/14/2019,5/22/2019,,7/17/2019,42,6/1/2019,0,F,0.6709,0.0615,0.118,0.1262,0.1156,0.1321,0.5534,0.11068,0.0408,0.0087,0.0306,0.0125,0.070175439,0.01609323,0.057529611,0.024935169,0.8618,1,,,6/5/2019,6/14/2019,2,,,,,,5,0,5,0,
27,CL,0,CL0,F,5/12/2019,5/14/2019,5/22/2019,,6/28/2019,24,6/1/2019,0,F,0.6331,0.115,0.0757,0.1142,0.1508,0.1466,0.6023,0.12046,0.04,0.0323,0.072,0.0181,0.068929864,0.059781603,0.141732283,0.041513761,0.5629,1,,,6/4/2019,6/14/2019,1,,,,,,20,30,92,0,
28,CL,0,CL0,F,5/12/2019,5/15/2019,5/22/2019,,7/20/2019,45,6/1/2019,0,F,0.5879,0.1446,0.1561,0.1198,0.2298,0.1785,0.8288,0.16576,0.0291,0.0068,0.0176,-0.0245,0.056780488,0.014067025,0.036928242,-0.053376906,1.0357,1,,,6/5/2019,6/14/2019,1,,,,,,0,600,0,0,
29,CL,0,CL0,F,5/12/2019,5/15/2019,5/23/2019,,6/27/2019,23,6/1/2019,0,M,0.698,0.0559,0.0857,0.1712,0.1642,0.1595,0.6365,0.1273,0.072,0.0425,0.0594,-0.0025,0.108975329,0.072192968,0.108751373,-0.005135579,0.5775,1,,,6/4/2019,6/14/2019,1,,,,,,2,0,43,0,
30,CL,0,CL0,G,5/12/2019,5/15/2019,5/22/2019,,6/28/2019,24,5/31/2019,0,M,0.6336,0.0862,0.0901,0.1426,0.1466,0.1504,0.6159,0.12318,0.0733,0.0226,0.0597,-0.015,0.124596294,0.043883495,0.121242892,-0.03466605,0.4653,1,,,6/4/2019,6/14/2019,5,,,,,,0,0,45,1200,
31,CL,0,CL0,G,5/12/2019,5/15/2019,,5/28/2019,,,,,,,,,,,,,,,,,,,,,,,,,0,,,,,,,,,,,,,
32,CL,0,CL0,G,5/12/2019,5/15/2019,5/22/2019,,7/7/2019,33,6/1/2019,0,F,0.4737,0.0992,0.0926,0.1279,0.1383,0.1353,0.5933,0.11866,0.0301,0.0224,0.0232,-0.0076,0.066343399,0.052880076,0.05782652,-0.02010582,0.5768,1,,,6/4/2019,6/14/2019,1,,,,,,10,180,60,0,
33,CL,0,CL0,G,5/12/2019,5/15/2019,5/24/2019,,6/23/2019,18,6/2/2019,0,M,0.6076,0.0428,0.1258,0.1021,0.1614,0.1701,0.6022,0.12044,0.0481,0.0108,0.0556,-0.0176,0.08567866,0.021040327,0.110646766,-0.039382412,0.4576,1,,,6/5/2019,6/14/2019,3,,,,,,120,0,55,0,
34,CL,0,CL0,G,5/12/2019,5/15/2019,5/22/2019,,7/15/2019,40,6/3/2019,0,F,0.6385,0.0958,0.1532,0.1833,0.2009,0.1962,0.8294,0.16588,0.0611,0.0174,0.0326,-0.0086,0.095693031,0.030135088,0.058214286,-0.016306409,0.8457,1,,,6/5/2019,6/14/2019,1,,,,,,0,180,112,0,
35,CL,0,CL0,G,5/12/2019,5/15/2019,5/22/2019,,6/24/2019,20,6/1/2019,0,M,0.7728,0.0353,0.087,0.1962,0.218,0.2694,0.8059,0.16118,0.1003,0.0433,0.0293,-0.0298,0.136425462,0.068199716,0.049526707,-0.052996621,0.5538,1,,,6/4/2019,6/14/2019,1,,,,,,70,10,23,0,
36,CL,0,CL0,G,5/12/2019,5/15/2019,5/22/2019,5/23/2019,,,,,,,,,,,,,,,,,,,,,,,,,0,,,,,,,,,,,,,
37,CL,19,CL025,A,5/12/2019,5/14/2019,5/23/2019,,7/3/2019,28,6/3/2019,0,M,0.7151,0.061,0.1713,0.2877,0.3445,0.2152,1.0797,0.21594,0.0718,0.0293,0.0238,-0.0168,0.100405538,0.045546401,0.038762215,-0.028464927,0.6833,1,,,6/5/2019,6/14/2019,6,,,,,,3,180,10,1800,
38,CL,19,CL025,A,5/12/2019,5/14/2019,5/23/2019,,7/13/2019,38,6/2/2019,0,F,0.6933,0.043,0.0937,0.186,0.1926,0.2636,0.7789,0.15578,0.0598,0.033,0.077,-0.0153,0.089722431,0.054392616,0.134216489,-0.030803302,0.972,1,,,6/5/2019,6/14/2019,2,,,,,,0,600,3,600,
39,CL,19,CL025,A,5/12/2019,5/14/2019,5/22/2019,,7/13/2019,39,6/1/2019,0,F,0.6895,0.1572,0.0556,0.1902,0.1654,0.1801,0.7485,0.1497,0.0528,0.0672,0.0621,-0.0213,0.080097087,0.110817942,0.115170623,-0.044644729,0.5791,1,,,6/4/2019,6/14/2019,6,6,6/24/2019,6/27/2019,0,0,11,240,7,1800,
40,CL,19,CL025,A,5/12/2019,5/14/2019,5/22/2019,,7/3/2019,28,6/2/2019,0,F,0.5876,0.1112,0.2239,0.2673,0.3178,0.3433,1.2635,0.2527,0.0259,0.0153,0.0323,-0.0221,0.045759717,0.028328087,0.061547256,-0.044873096,0.6785,1,,,6/5/2019,6/14/2019,2,,,,,,0,0,27,1020,
41,CL,19,CL025,A,5/12/2019,5/14/2019,5/22/2019,,7/1/2019,26,6/2/2019,0,M,0.6495,0.1118,0.1326,0.2646,0.2616,0.2533,1.0239,0.20478,0.0338,0.02,0.0324,-0.0222,0.055156658,0.034542314,0.057960644,-0.042157235,0.5805,1,,,6/5/2019,6/14/2019,6,,,,,,5,360,0,1200,
42,CL,19,CL025,A,5/12/2019,5/15/2019,5/23/2019,,7/3/2019,28,6/2/2019,0,M,0.6532,0.0618,0.146,0.2278,0.2952,0.2845,1.0153,0.20306,0.0583,0.0142,0.0236,-0.0141,0.091955836,0.024665624,0.042030276,-0.026213051,0.7103,1,,,6/5/2019,6/14/2019,0,,,,,,0,1200,0,0,
43,CL,19,CL025,A,5/12/2019,5/15/2019,,5/18/2019,,,,,,,,,,,,,,,,,,,,,,,,,0,,,,,,,,,,,,,Was squished into the lid
44,CL,19,CL025,B,5/12/2019,5/14/2019,,5/22/2019,,,,,,,,,,,,,,,,,,,,,,,,,0,,,,,,,,,,,,,
45,CL,19,CL025,B,5/12/2019,5/14/2019,5/24/2019,,6/29/2019,24,6/2/2019,0,M,0.7027,0.0602,0.1054,0.1455,0.1875,0.0802,0.5788,0.11576,0.0481,0.0375,0.0241,-0.0184,0.071855393,0.060357315,0.041281261,-0.032874754,0.5301,1,,,6/5/2019,6/14/2019,7,,,,,,28,60,69,1800,
46,CL,19,CL025,B,5/12/2019,5/14/2019,5/22/2019,,7/7/2019,33,5/31/2019,0,F,0.5742,0.1597,0.1432,0.1974,0.2154,0.2855,1.0012,0.20024,0.0214,0.0178,0.0388,-0.0428,0.040218004,0.034854122,0.078717793,-0.094252367,0.8859,1,,,6/4/2019,6/14/2019,7,7,6/21/2019,6/24/2019,2,2,1,0,20,2400,
47,CL,19,CL025,B,5/12/2019,5/14/2019,5/22/2019,,6/26/2019,22,6/1/2019,0,M,0.7454,0.1179,0.0886,0.2534,0.3147,0.3171,1.0917,0.21834,0.0489,0.0584,0.0709,-0.0254,0.069977104,0.089859978,0.119864751,-0.048789858,0.503,1,,,6/4/2019,6/14/2019,0,,,,,,0,0,41,0,
48,CL,19,CL025,B,5/12/2019,5/14/2019,5/23/2019,,6/16/2019,11,6/1/2019,0,M,0.7459,0.1089,0.1829,0.1891,0.1937,0.143,0.8176,0.16352,0.0378,0.0176,0.0373,-0.0116,0.055571891,0.02739726,0.059699104,-0.019744681,,1,,1,6/5/2019,6/14/2019,1,,,,,,10,360,,,
49,CL,19,CL025,B,5/12/2019,5/14/2019,5/23/2019,,7/23/2019,49,6/1/2019,0,F,0.633,0.0828,0.1614,0.2501,0.2717,0.2677,1.0337,0.20674,0.0545,0.0238,0.0019,-0.0224,0.089520368,0.042937038,0.003581527,-0.042376088,0.9568,1,,,6/4/2019,6/14/2019,3,,,,,,0,0,12,1200,
50,CL,19,CL025,B,5/12/2019,5/15/2019,5/22/2019,,7/4/2019,29,6/3/2019,0,M,0.6683,0.0807,0.0618,0.1244,0.2412,0.117,0.6251,0.12502,0.0458,0.0246,0.0442,-0.0275,0.068532096,0.039518072,0.073925406,-0.049665884,0.6718,1,,,6/5/2019,6/14/2019,0,,,,,,0,0,0,0,
51,CL,19,CL025,B,5/12/2019,5/15/2019,,5/28/2019,,,,,,,,,,,,,,,,,,,,,,,,,0,,,,,,,,,,,,,
52,CL,19,CL025,D,5/12/2019,5/15/2019,,5/28/2019,,,,,,,,,,,,,,,,,,,,,,,,,0,,,,,,,,,,,,,
53,CL,19,CL025,D,5/12/2019,5/15/2019,5/22/2019,,6/14/2019,10,5/31/2019,0,M,0.7056,0.115,0.0785,0.1243,0.0968,0.1037,0.5183,0.10366,0.0645,0.0399,0.0847,0.0313,0.103117506,0.071122995,0.162540779,0.07172319,,0,5,1,6/4/2019,,,,,,,,,,,,
54,CL,19,CL025,D,5/12/2019,5/15/2019,5/22/2019,,7/1/2019,27,5/31/2019,0,F,0.5454,0.1248,0.1338,0.179,0.2091,0.1693,0.816,0.1632,0.0167,0.0146,0.0119,-0.0169,0.032668232,0.029524772,0.024796833,-0.036111111,0.6028,1,,,6/4/2019,6/14/2019,1,,,,,,5,60,28,0,
55,CL,19,CL025,D,5/12/2019,5/15/2019,5/22/2019,,6/23/2019,19,6/1/2019,0,M,0.6802,0.127,0.1273,0.1444,0.1557,0.1372,0.6916,0.13832,0.0442,0.0341,0.0576,-0.013,0.069246436,0.057397744,0.102857143,-0.025875796,0.4503,1,,,6/4/2019,6/14/2019,1,,,,,,40,0,35,0,
56,CL,19,CL025,D,5/12/2019,5/15/2019,5/22/2019,,7/8/2019,33,6/2/2019,0,F,0.6193,0.0822,0.1047,0.1464,0.1907,0.1592,0.6832,0.13664,0.0438,0.0326,0.0288,0.0064,0.073576348,0.059111514,0.055502024,0.013058559,0.9482,1,,,6/5/2019,6/14/2019,3,3,6/21/2019,6/24/2019,366,1,0,900,50,1200,
57,CL,19,CL025,D,5/12/2019,5/15/2019,5/22/2019,,7/3/2019,29,6/1/2019,0,M,0.6652,0.1369,0.1172,0.1375,-0.0085,0.1446,0.5277,0.10554,0.0584,0.025,0.0393,-0.0196,0.091164533,0.04294057,0.070531228,-0.037845144,0.7026,1,,,6/4/2019,6/14/2019,3,,,,,,0,0,3,1200,
58,CL,19,CL025,D,5/12/2019,5/15/2019,5/22/2019,,7/13/2019,39,6/1/2019,0,F,0.6698,0.0663,0.0922,0.1449,0.1679,0.1427,0.614,0.1228,0.057,0.0373,0.0255,-0.0123,0.090332805,0.064982578,0.047512577,-0.024061033,0.8976,1,,,6/4/2019,6/14/2019,2,,,,,,0,0,0,600,
59,CL,19,CL025,F,5/12/2019,5/14/2019,5/23/2019,,7/10/2019,36,6/1/2019,0,F,0.5719,0.0474,0.0813,0.1064,0.1501,0.1687,0.5539,0.11078,0.0637,0.0428,0.0525,-0.0167,0.115776081,0.087975334,0.118323191,-0.042689162,0.6437,1,,,6/4/2019,6/14/2019,1,,,,,,0,420,65,0,
60,CL,19,CL025,F,5/12/2019,5/14/2019,5/22/2019,,7/13/2019,38,6/1/2019,0,F,0.6049,0.0593,0.0875,0.1115,0.134,0.102,0.4943,0.09886,0.0331,0.0099,0.0114,0.0383,0.064572766,0.020646507,0.02427598,0.083587953,0.7019,1,,,6/5/2019,6/14/2019,3,,,,,,0,305,10,1200,
61,CL,19,CL025,F,5/12/2019,5/14/2019,5/22/2019,,7/6/2019,32,6/1/2019,0,F,0.6695,0.0493,0.1124,0.174,0.1693,0.1934,0.6984,0.13968,0.0558,0.0193,0.061,-0.0194,0.086111111,0.032590341,0.106475825,-0.037898027,0.7314,1,,,6/4/2019,6/14/2019,2,,,,,,0,300,2,0,
62,CL,19,CL025,F,5/12/2019,5/14/2019,5/22/2019,,7/3/2019,29,6/1/2019,0,F,0.6021,0.1516,0.0684,0.0429,0.1319,0.1485,0.5433,0.10866,0.0492,0.0557,0.0391,-0.0003,0.08460877,0.10464024,0.082039446,-0.000685714,0.5674,1,,,6/4/2019,6/14/2019,3,,,,,,120,1200,25,600,
63,CL,19,CL025,F,5/12/2019,5/14/2019,5/22/2019,,7/6/2019,31,6/1/2019,0,F,0.7205,0.0836,0.1339,0.164,0.1192,0.1469,0.6476,0.12952,0.0702,-0.0272,-0.0105,0.0092,0.113207547,-0.049463539,-0.01819442,0.015656909,0.8087,1,,,6/5/2019,6/14/2019,3,,,,,,0,720,60,1200,
64,CL,19,CL025,F,5/12/2019,5/15/2019,5/21/2019,,6/27/2019,23,6/1/2019,0,M,0.6231,0.0592,0.0969,0.1782,0.1549,0.162,0.6512,0.13024,0.0769,0.0253,0.0331,0.0055,0.132792264,0.050378335,0.069406584,0.01239297,0.4854,1,,,6/4/2019,6/14/2019,5,,,,,,8,120,299,600,
65,CL,19,CL025,F,5/12/2019,5/15/2019,5/22/2019,,7/1/2019,27,5/31/2019,0,F,0.6162,0.1422,0.0415,0.1845,0.1807,0.1547,0.7036,0.14072,0.0474,0.0829,0.0046,-0.0371,0.085068198,0.162612789,0.010775357,-0.087852238,0.5787,1,,,6/4/2019,6/14/2019,1,,,,,,0,0,0,0,
66,CL,19,CL025,G,5/12/2019,5/15/2019,5/22/2019,5/24/2019,,,,,,,,,,,,,,,,,,,,,,,,,0,,,,,,,,,,,,,
67,CL,19,CL025,G,5/12/2019,5/15/2019,5/23/2019,,,,6/1/2019,0,M,0.6542,0.0694,,,,,0.0694,0.0694,,,,,,,,,,0,1,1,,,,,,,,,,,,,
68,CL,19,CL025,G,5/12/2019,5/15/2019,5/22/2019,,7/5/2019,31,5/31/2019,0,F,0.5617,0.1463,0.1298,0.1392,0.1734,0.1631,0.7518,0.15036,0.0355,0.0266,0.024,-0.0083,0.06763193,0.054352268,0.051858254,-0.018915223,0.6727,1,,,6/4/2019,6/14/2019,4,4,6/24/2019,6/27/2019,247,2,0,600,243,600,
69,CL,19,CL025,G,5/12/2019,5/15/2019,5/22/2019,,7/15/2019,41,5/31/2019,0,F,0.6276,0.1902,0.1189,0.2258,0.1767,0.2252,0.9368,0.18736,0.0594,0.0189,0.0154,0.008,0.101261507,0.035849772,0.030297069,0.016230473,0.8661,1,,,6/4/2019,6/14/2019,1,,,,,,4,0,27,0,
70,CL,19,CL025,G,5/12/2019,5/15/2019,5/22/2019,,7/12/2019,38,6/1/2019,0,F,0.6249,0.0423,0.1117,0.1548,0.1918,0.21,0.7106,0.14212,0.0988,0.0303,0.0407,-0.0133,0.163494953,0.059940653,0.085648148,-0.030609896,0.7501,1,,,6/4/2019,6/14/2019,2,,,,,,0,300,181,600,
71,CL,19,CL025,G,5/12/2019,5/15/2019,5/23/2019,,7/3/2019,28,6/2/2019,0,M,0.6625,0.1275,0.0902,0.1712,0.2197,0.2266,0.8352,0.16704,0.0489,0.0268,0.0352,-0.0298,0.078820116,0.046894138,0.064622728,-0.058488714,0.6047,1,,,6/5/2019,6/14/2019,0,,,,,,0,600,0,0,
72,CL,19,CL025,G,5/12/2019,5/15/2019,5/23/2019,,7/6/2019,31,6/1/2019,0,M,0.6579,0.0822,0.0489,0.0899,0.1707,0.1198,0.5115,0.1023,0.0399,0.0267,0.0279,-0.0245,0.070983811,0.051129835,0.056306761,-0.05239521,0.606,1,,,6/5/2019,6/14/2019,0,,,,,,5,540,15,0,
73,CL,36,CL050,A,5/12/2019,5/14/2019,5/22/2019,,6/29/2019,25,6/1/2019,0,M,0.66,0.1013,0.0854,0.186,0.1931,0.2169,0.7827,0.15654,0.0547,0.045,0.0545,-0.0273,0.089907955,0.081271447,0.107135836,-0.06010568,0.5511,1,,,6/4/2019,6/14/2019,3,,,,,,0,0,3,2,
74,CL,36,CL050,A,5/12/2019,5/14/2019,5/22/2019,,7/7/2019,32,6/2/2019,0,F,0.5815,0.118,0.156,0.2162,0.2685,0.2778,1.0365,0.2073,0.0351,0.0231,0.0029,-0.0297,0.064027727,0.045020464,0.005918367,-0.060973106,0.8083,1,,,6/5/2019,6/14/2019,3,3,6/21/2019,6/24/2019,110,3,0,0,108,1200,
75,CL,36,CL050,A,5/12/2019,5/14/2019,5/21/2019,,6/27/2019,23,5/30/2019,0,F,0.5215,0.1296,0.0538,0.1709,0.1977,0.1947,0.7467,0.14934,0.0208,0.0317,0.0052,-0.0172,0.043037451,0.068540541,0.012070566,-0.040413534,0.5846,1,,,6/4/2019,6/14/2019,0,,,,,,0,180,19,0,
76,CL,36,CL050,A,5/12/2019,5/14/2019,5/22/2019,,7/5/2019,30,6/1/2019,0,M,0.6879,0.0692,0.1617,0.1699,0.256,0.2373,0.8941,0.17882,0.0228,0.0271,0.0508,0.0025,0.03782349,0.046724138,0.091879182,0.004979088,0.7118,1,,,6/5/2019,6/14/2019,0,,,,,,10,1682,13,0,
77,CL,36,CL050,A,5/12/2019,5/14/2019,5/23/2019,5/24/2019,,,,,,,,,,,,,,,,,,,,,,,,,0,,,,,,,,,,,,,
78,CL,36,CL050,A,5/12/2019,5/15/2019,,5/28/2019,,,,,,,,,,,,,,,,,,,,,,,,,0,,,,,,,,,,,,,
79,CL,36,CL050,A,5/12/2019,5/15/2019,5/22/2019,,6/28/2019,23,6/1/2019,0,M,0.7181,0.0529,0.1494,0.176,0.2394,0.1539,0.7716,0.15432,0.0416,0.0168,0.0293,-0.0222,0.071687058,0.031186189,0.056141023,-0.045066991,0.4936,1,,,6/5/2019,6/14/2019,6,,,,,,2,600,0,1200,
80,CL,36,CL050,B,5/12/2019,5/14/2019,5/23/2019,,7/3/2019,29,6/1/2019,0,M,0.7835,0.01,0.0963,0.2251,0.2502,0.267,0.8486,0.16972,0.2139,0.1092,0.0015,-0.0217,0.283912928,0.170758405,0.002828588,-0.041036309,0.6405,1,,,6/4/2019,6/14/2019,4,,,,,,0,0,15,1200,
81,CL,36,CL050,B,5/12/2019,5/14/2019,5/22/2019,,7/9/2019,34,6/1/2019,0,F,0.6065,0.1504,0.2207,0.228,0.2017,0.2215,1.0223,0.20446,0.0265,0.0104,0.0101,-0.0247,0.052175625,0.021603656,0.021443737,-0.053590801,0.5103,1,,,6/5/2019,6/14/2019,1,1,6/24/2019,6/27/2019,96,2,5,600,6,0,
82,CL,36,CL050,B,5/12/2019,5/14/2019,5/23/2019,,7/6/2019,32,6/1/2019,0,F,0.6442,0.0268,0.0695,0.1414,0.1492,0.2053,0.5922,0.11844,0.0948,0.041,0.0416,-0.0442,0.15497793,0.079319017,0.087413322,-0.101772968,0.7864,1,,,6/4/2019,6/14/2019,0,,,,,,0,0,58,0,
83,CL,36,CL050,B,5/12/2019,5/14/2019,,5/28/2019,,,,,,,,,,,,,,,,,,,,,,,,,0,,,,,,,,,,,,,
84,CL,36,CL050,B,5/12/2019,5/14/2019,5/23/2019,,7/3/2019,29,6/1/2019,0,F,0.6258,0.0963,0.1209,0.247,0.2375,0.23,0.9317,0.18634,0.0545,0.0128,0.0042,-0.0319,0.091106653,0.023542395,0.007911094,-0.060565787,0.7565,1,,,6/4/2019,6/14/2019,3,3,6/21/2019,6/24/2019,107,1,10,0,0,1200,
85,CL,36,CL050,B,5/12/2019,5/15/2019,5/25/2019,,7/7/2019,32,6/2/2019,0,F,0.6179,0.1129,0.2166,0.1994,0.2197,0.2478,0.9964,0.19928,0.0353,0.0152,0.0228,-0.0328,0.059618308,0.027298851,0.042097489,-0.063222822,0.665,1,,,6/5/2019,6/14/2019,0,,,,,,0,0,27,0,
86,CL,36,CL050,B,5/12/2019,5/15/2019,5/22/2019,,7/6/2019,32,5/31/2019,0,F,0.6034,0.1267,0.2006,0.2291,0.2797,0.298,1.1341,0.22682,0.0327,-0.0048,0.0179,-0.0395,0.061605124,-0.009636619,0.035593557,-0.081443299,0.689,1,,,6/4/2019,6/14/2019,2,,,,,,15,300,15,0,CRUMPLED
87,CL,36,CL050,D,5/12/2019,5/16/2019,5/22/2019,,7/3/2019,29,6/1/2019,0,M,0.6874,0.0684,0.0498,0.2002,0.1858,0.2667,0.7709,0.15418,0.0712,0.0323,0.0305,0.0096,0.107764492,0.054792197,0.054737976,0.018226695,0.7219,1,,,6/4/2019,6/14/2019,0,,,,,,10,0,27,0,
88,CL,36,CL050,D,5/12/2019,5/15/2019,5/22/2019,,6/27/2019,22,6/1/2019,0,F,0.6341,0.1896,0.2315,0.1993,0.2173,0.2568,1.0945,0.2189,-0.0091,0.0113,0.0375,-0.0423,-0.016402307,0.020039014,0.067861021,-0.082119977,0.5727,1,,,6/5/2019,6/14/2019,0,,,,,,0,600,5,0,
89,CL,36,CL050,D,5/12/2019,5/15/2019,5/22/2019,,6/26/2019,22,5/31/2019,0,M,0.676,0.0982,0.0886,0.1006,0.1284,0.1439,0.5597,0.11194,0.0238,0.0272,0.0695,-0.0065,0.03902919,0.046416382,0.124373658,-0.013284284,0.5801,1,,,6/4/2019,6/14/2019,0,,,,,,5,600,16,0,
90,CL,36,CL050,D,5/12/2019,5/15/2019,5/22/2019,,6/26/2019,22,6/1/2019,0,M,0.7723,0.1115,0.1435,0.2145,0.2442,0.2205,0.9342,0.18684,0.0597,0.0341,0.0353,-0.0189,0.081870543,0.050933532,0.055555556,-0.031494751,0.5858,1,,,6/4/2019,6/14/2019,0,,,,,,0,0,0,0,
91,CL,36,CL050,D,5/12/2019,5/15/2019,5/22/2019,,6/25/2019,21,5/31/2019,0,M,0.667,0.1575,0.0753,0.1555,0.1672,0.2325,0.788,0.1576,0.0229,0.0348,0.0547,-0.0084,0.038046187,0.060103627,0.100514517,-0.017160368,0.446,1,,,6/4/2019,6/14/2019,1,,,,,,0,0,45,0,
92,CL,36,CL050,D,5/12/2019,5/15/2019,5/22/2019,,7/5/2019,31,6/1/2019,0,F,0.6677,0.0576,0.0661,0.1042,0.1706,0.2063,0.6048,0.12096,0.087,0.0327,0.0389,0.0139,0.135873809,0.059099946,0.074721475,0.028856135,0.6784,1,,,6/4/2019,6/14/2019,1,,,,,,5,600,39,0,
93,CL,36,CL050,D,5/12/2019,5/15/2019,5/22/2019,,6/27/2019,23,5/31/2019,0,F,0.5626,0.1026,0.1159,0.1508,0.1626,0.1205,0.6524,0.13048,0.0321,0.017,0.0471,-0.0504,0.063880597,0.036139456,0.103881782,-0.124046271,0.608,1,,,6/4/2019,6/14/2019,1,,,,,,0,0,22,600,
94,CL,36,CL050,F,5/12/2019,5/14/2019,5/22/2019,,6/14/2019,10,5/31/2019,0,M,0.6747,0.1072,0.093,0.1182,0.1741,0.1464,0.6389,0.12778,0.0578,0.033,0.0597,0.0147,0.095616212,0.060362173,0.11621569,0.032378855,,,5,1,6/4/2019,,,,,,,,,,,,
95,CL,36,CL050,F,5/12/2019,5/14/2019,5/22/2019,,6/28/2019,23,6/1/2019,0,M,0.7339,0.0923,0.1154,0.1472,0.1615,0.1893,0.7057,0.14114,0.049,0.0287,0.025,0.0006,0.077988222,0.049542551,0.045405013,0.001141553,0.6126,1,,,6/5/2019,6/14/2019,2,,,,,,0,0,17,600,
96,CL,36,CL050,F,5/12/2019,5/14/2019,5/22/2019,,7/8/2019,33,6/1/2019,0,F,0.6347,0.0326,0.1021,0.1325,0.1082,0.1195,0.4949,0.09898,0.0528,0.0096,0.0517,-0.0017,0.100475737,0.020308864,0.111638955,-0.004132231,0.6556,1,,,6/5/2019,6/14/2019,4,4,6/24/2019,6/27/2019,251,3,5,0,20,600,
97,CL,36,CL050,F,5/12/2019,5/14/2019,5/22/2019,,7/1/2019,26,6/1/2019,0,F,0.6756,0.1016,0.1536,0.1802,0.1723,0.141,0.7487,0.14974,0.0419,-0.001,0.0431,0.013,0.066900846,-0.001711157,0.073624872,0.023971971,0.6453,1,,,6/5/2019,6/14/2019,0,,,,,,0,960,0,0,
98,CL,36,CL050,F,5/12/2019,5/14/2019,5/22/2019,,6/29/2019,24,6/1/2019,0,M,0.7905,0.1176,0.1755,0.2391,0.2073,0.2079,0.9474,0.18948,0.0504,0.0153,0.015,-0.0011,0.073266463,0.024,0.024108004,-0.001811594,0.5628,1,,,6/5/2019,6/14/2019,3,,,,,,0,930,400,600,
99,CL,36,CL050,F,5/12/2019,5/15/2019,5/23/2019,,6/28/2019,23,6/1/2019,0,M,0.6694,0.1436,0.1698,0.1688,0.0997,0.1762,0.7581,0.15162,0.0242,0.0186,0.028,-0.0132,0.042211756,0.033873611,0.052780396,-0.026268657,0.4739,1,,,6/5/2019,6/14/2019,5,,,,,,10,0,10,600,
100,CL,36,CL050,F,5/12/2019,5/15/2019,5/24/2019,,6/30/2019,26,6/1/2019,0,M,0.6864,0.0616,0.0691,0.1414,0.1542,0.0369,0.4632,0.09264,0.0816,0.0603,0.042,-0.1142,0.123169811,0.103804441,0.080676143,-0.23861262,0.5334,1,,,6/4/2019,6/14/2019,0,,,,,,5,0,5,0,
101,CL,36,CL050,F,5/12/2019,5/15/2019,5/23/2019,,7/8/2019,33,6/1/2019,0,F,0.6378,0.1569,0.1692,0.1692,0.1823,0.2024,0.88,0.176,0.019,0.0134,0.0152,-0.0205,0.034722222,0.025369178,0.02952603,-0.041032826,0.6991,1,,,6/5/2019,6/14/2019,3,,,,,,0,180,26,1800,
102,CL,36,CL050,G,5/12/2019,5/15/2019,5/23/2019,,7/13/2019,39,5/31/2019,0,F,0.5757,0.1525,0.0748,0.1647,0.1674,0.182,0.7414,0.14828,0.0192,0.0376,0.0235,-0.0045,0.037008481,0.075260208,0.050865801,-0.010262258,0.9175,1,,,6/4/2019,6/14/2019,1,,,,,,0,0,13,0,
103,CL,36,CL050,G,5/12/2019,5/15/2019,5/22/2019,,7/15/2019,41,5/31/2019,0,F,0.548,0.1244,0.131,0.1042,0.1642,0.1917,0.7155,0.1431,0.014,0.0198,0.0422,-0.0092,0.028495827,0.041483344,0.092240437,-0.022152661,0.6864,1,,,6/4/2019,6/14/2019,1,,,,,,0,0,90,0,
104,CL,36,CL050,G,5/12/2019,5/15/2019,5/22/2019,,7/5/2019,30,6/1/2019,0,M,0.6079,0.0933,0.1938,0.1508,0.2658,0.1928,0.8965,0.1793,0.0437,-0.0075,0.018,-0.0088,0.08278083,-0.015489467,0.036607688,-0.018577159,0.6396,1,,,6/5/2019,6/14/2019,3,,,,,,0,180,0,1200,
105,CL,36,CL050,G,5/12/2019,5/15/2019,5/22/2019,,7/14/2019,40,5/31/2019,0,F,0.6284,0.1306,0.1632,0.1891,0.2544,0.2015,0.9388,0.18776,0.0233,0.0192,-0.0064,-0.0166,0.041547789,0.03572093,-0.012348061,-0.031637126,0.7348,1,,,6/4/2019,6/14/2019,0,,,,,,5,0,27,0,
106,CL,36,CL050,G,5/12/2019,5/15/2019,,5/28/2019,,,,,,,,,,,,,,,,,,,,,,,,,0,,,,,,,,,,,,,
107,CL,36,CL050,G,5/12/2019,5/15/2019,5/24/2019,,7/1/2019,26,6/2/2019,0,M,0.6245,0.1641,0.1701,0.2593,0.2397,0.2267,1.0599,0.21198,0.0285,0.0009,0.0413,-0.0089,0.047987877,0.001591793,0.07316209,-0.017010703,0.6009,1,,,6/5/2019,6/14/2019,0,,,,,,0,0,0,0,
108,CL,36,CL050,G,5/12/2019,5/15/2019,5/23/2019,,6/27/2019,23,6/1/2019,0,M,0.731,0.1667,0.7487,0.1981,0.2185,0.132,1.464,0.2928,,,0.0231,-0.0212,,,0.037831641,-0.036085106,0.5266,1,,,6/4/2019,6/14/2019,0,,,,,,2,0,2,0,
109,CL,75,CL100,A,5/12/2019,5/14/2019,5/23/2019,,6/30/2019,25,6/2/2019,0,M,0.6839,0.0431,0.1006,0.1759,0.2053,0.1123,0.6372,0.12744,0.0697,0.0033,0.0604,0.0256,0.108770287,0.005778323,0.106375484,0.050453291,0.5554,1,,,6/5/2019,6/14/2019,2,,,,,,240,0,52,600,
110,CL,75,CL100,A,5/12/2019,5/14/2019,5/23/2019,,6/28/2019,24,6/1/2019,0,M,0.6629,0.1089,0.1391,0.1785,0.2225,0.2497,0.8987,0.17974,0.0349,0.0442,0.0423,-0.0169,0.054779469,0.073397542,0.075806452,-0.032770991,0.5393,1,,,6/4/2019,6/14/2019,2,,,,,,17,60,2,600,
111,CL,75,CL100,A,5/12/2019,5/14/2019,5/23/2019,,7/1/2019,26,6/2/2019,0,F,0.633,0.1493,0.2523,0.2112,0.3041,0.0959,1.0128,0.20256,0.0254,0.012,0.0203,-0.0449,0.042560322,0.02100105,0.036288881,-0.08328696,0.7224,1,,,6/5/2019,6/14/2019,1,1,6/21/2019,6/24/2019,394,1,0,0,27,0,
112,CL,75,CL100,A,5/12/2019,5/14/2019,,,,,,,,,,,,,,,,,,,,,,,,,,,0,,,,,,,,,,,,,
113,CL,75,CL100,A,5/12/2019,5/14/2019,5/22/2019,,6/30/2019,26,6/1/2019,0,M,0.6955,0.166,0.1751,0.2196,0.2127,0.251,1.0244,0.20488,-0.0391,0.0265,0.0128,0.0103,-0.068296943,0.043328973,0.021876602,0.017997554,0.5793,1,,,6/4/2019,6/14/2019,2,,,,,,540,0,37,600,
114,CL,75,CL100,A,5/12/2019,5/14/2019,5/22/2019,,7/1/2019,27,6/1/2019,0,M,0.7858,0.0535,0.1198,0.1521,0.1806,0.1876,0.6936,0.13872,0.0638,0.0419,0.0485,-0.0109,0.08801214,0.063379216,0.078326873,-0.019099352,0.569,1,,,6/4/2019,6/14/2019,6,,,,,,25,600,13,1200,
115,CL,75,CL100,A,5/12/2019,5/15/2019,5/22/2019,,7/4/2019,30,6/1/2019,0,M,0.6571,0.0835,0.1386,0.1908,0.2405,0.2029,0.8563,0.17126,0.0497,0.0121,0.0264,-0.0063,0.081959103,0.021735225,0.048475946,-0.012157468,0.5372,1,,,6/4/2019,6/14/2019,0,,,,,,0,600,5,0,
116,CL,75,CL100,A,5/12/2019,5/15/2019,,5/28/2019,,,,,,,,,,,,,,,,,,,,,,,,,0,,,,,,,,,,,,,
117,CL,75,CL100,B,5/12/2019,5/14/2019,5/23/2019,,7/5/2019,31,6/1/2019,0,M,0.5882,,0.2105,0.286,0.2302,0.2571,0.9838,0.24595,0.0302,0.0076,0.0409,-0.0176,0.053112909,0.014115899,0.077053504,-0.035925699,0.539,1,,,6/4/2019,6/14/2019,2,,,,,,40,1020,14,600,
118,CL,75,CL100,B,5/12/2019,5/14/2019,5/22/2019,,7/3/2019,28,6/1/2019,0,M,0.8012,0.1494,0.2526,0.2694,0.3043,0.2634,1.2391,0.24782,0.0506,0.0237,0.0308,-0.0317,0.071137354,0.035871046,0.048351648,-0.052292973,0.6633,1,,,6/5/2019,6/14/2019,1,,,,,,20,0,40,0,
119,CL,75,CL100,B,5/12/2019,5/14/2019,5/24/2019,5/25/2019,,,,,,,,,,,,,,,,,,,,,,,,,0,,,,,,,,,,,,,
120,CL,75,CL100,B,5/12/2019,5/14/2019,5/23/2019,,7/13/2019,38,6/1/2019,0,F,0.6578,0.0471,0.1798,0.2346,0.3093,0.2005,0.9713,0.19426,0.0611,0.0047,0.0087,-0.056,0.10483871,0.009009009,0.016827853,-0.110171159,0.8204,1,,,6/5/2019,6/14/2019,1,,,,,,0,600,46,0,
121,CL,75,CL100,B,5/12/2019,5/14/2019,5/23/2019,,6/30/2019,25,6/3/2019,0,M,0.593,0.0629,0.1255,0.0937,0.1871,0.2554,0.7246,0.14492,0.0561,0.0144,0.0355,-0.0156,0.09460371,0.026820637,0.067942584,-0.032032854,0.5323,1,,,6/5/2019,6/14/2019,4,,,,,,0,0,0,1200,
122,CL,75,CL100,B,5/12/2019,5/15/2019,,5/28/2019,,,,,,,,,,,,,,,,,,,,,,,,,0,,,,,,,,,,,,,
123,CL,75,CL100,B,5/12/2019,5/15/2019,5/22/2019,,7/7/2019,33,5/31/2019,0,M,0.5499,0.1612,0.162,0.2108,0.2201,0.2046,0.9587,0.19174,0.0117,0.0114,0.0244,-0.0146,0.023560209,0.023510002,0.051531151,-0.032509463,0.6901,1,,,6/4/2019,6/14/2019,5,,,,,,120,0,21,900,
124,CL,75,CL100,D,5/12/2019,5/15/2019,5/22/2019,,7/6/2019,32,5/31/2019,0,F,0.5039,0.1375,0.0952,0.1357,0.1416,0.1598,0.6698,0.13396,0.0014,0.0242,0.0159,0.0461,0.003155996,0.054726368,0.038038278,0.114648097,0.6118,1,,,6/4/2019,6/14/2019,0,,,,,,120,0,47,0,
125,CL,75,CL100,D,5/12/2019,5/15/2019,5/23/2019,,6/29/2019,25,5/31/2019,0,M,0.5807,0.1879,0.1164,0.1085,0.1569,0.195,0.7647,0.15294,0.0011,0.0259,0.0584,0.0251,0.002055306,0.048492792,0.114915388,0.055802579,0.4766,1,,,6/4/2019,6/14/2019,5,,,,,,23,0,27,600,
126,CL,75,CL100,D,5/12/2019,5/15/2019,5/23/2019,,6/30/2019,25,6/1/2019,0,M,0.7627,0.12,0.1439,0.1153,0.1653,0.1764,0.7209,0.14418,0.0387,0.0214,0.0593,-0.0286,0.058591976,0.034416211,0.098767488,-0.052855295,0.6127,1,,,6/5/2019,6/14/2019,3,,,,,,10,0,10,1800,
127,CL,75,CL100,D,5/12/2019,5/15/2019,5/22/2019,,6/29/2019,24,6/1/2019,0,M,0.6354,0.1414,0.1743,0.1756,0.1932,0.157,0.8415,0.1683,0.0304,0.0124,0.0385,-0.026,0.055032585,0.023754789,0.075549451,-0.055189981,0.5048,1,,,6/5/2019,6/14/2019,1,,,,,,120,0,32,600,
128,CL,75,CL100,D,5/12/2019,5/15/2019,5/23/2019,,6/10/2019,6,6/1/2019,0,M,0.6369,,0.0165,0.0176,,,0.0341,0.01705,0.0989,0.073,,,0.162664474,0.143390297,,,,0,3,1,6/4/2019,,,,,,,,,,,,
129,CL,75,CL100,D,5/12/2019,5/15/2019,5/22/2019,,6/26/2019,22,6/1/2019,0,M,0.6337,0.1513,0.1341,0.1562,0.1779,0.1598,0.7793,0.15586,0.0475,0.0238,0.0201,-0.0218,0.079444723,0.043241279,0.038169389,-0.043040474,0.4971,1,,,6/4/2019,6/14/2019,2,,,,,,600,0,31,0,
130,CL,75,CL100,D,5/12/2019,5/15/2019,5/24/2019,,7/7/2019,32,6/2/2019,0,F,0.573,0.1197,0.1467,0.1332,0.1809,0.1618,0.7423,0.14846,0.0448,0.0076,0.0352,-0.0166,0.083519761,0.015459723,0.072727273,-0.036987522,0.8412,1,,,6/5/2019,6/14/2019,2,2,6/21/2019,6/24/2019,221,2,0,180,75,0,
131,CL,75,CL100,F,5/12/2019,5/14/2019,5/23/2019,,6/26/2019,21,6/1/2019,0,M,0.6883,0.1133,0.1814,0.1518,0.1689,0.109,0.7244,0.14488,0.0402,0.0226,0.047,0.0532,0.068425532,0.041293623,0.089574995,0.111366967,0.4892,1,,,6/5/2019,6/14/2019,3,,,,,,30,35,122,0,
132,CL,75,CL100,F,5/12/2019,5/14/2019,5/22/2019,,6/26/2019,21,6/1/2019,0,M,0.7952,0.0475,0.1416,0.1339,0.2002,0.1324,0.6556,0.13112,0.0612,0.0121,0.0305,-0.0235,0.092952612,0.020261219,0.052127841,-0.042372881,0.5759,1,,,6/5/2019,6/14/2019,1,,,,,,0,120,25,0,
133,CL,75,CL100,F,5/12/2019,5/14/2019,5/21/2019,,7/4/2019,30,5/31/2019,0,F,0.6435,0,0.1271,0.1491,0.1685,0.142,0.5867,0.146675,,0.0132,0.0184,0.0226,,0.024521642,0.035040945,0.044602329,0.822,1,,,6/4/2019,6/14/2019,2,2,6/24/2019,6/27/2019,402,3,0,300,86,0,
134,CL,75,CL100,F,5/12/2019,5/14/2019,5/22/2019,,6/15/2019,10,6/1/2019,0,M,0.7491,0.0731,0.1266,0.1221,0.2118,0.2132,0.7468,0.14936,0.0526,0.0233,0.028,-0.0227,0.081512475,0.039311625,0.04917457,-0.041928334,,1,,1,6/5/2019,6/14/2019,,,,,,,,,,,
135,CL,75,CL100,F,5/12/2019,5/14/2019,5/22/2019,,7/9/2019,35,6/1/2019,0,F,0.7114,0.112,0.1365,0.1271,0.1962,0.2108,0.7826,0.15652,0.0682,0.0228,0.0085,-0.0259,0.103005588,0.038390301,0.014883558,-0.04603626,0.7355,1,,,6/4/2019,6/14/2019,2,3,6/24/2019,6/27/2019,208,2,0,0,10,600,
136,CL,75,CL100,F,5/12/2019,5/15/2019,5/22/2019,,7/7/2019,32,5/31/2019,0,F,0.6153,0.1256,0.1754,0.231,0.1881,0.2334,0.9535,0.1907,0.0392,0.0183,0.0156,-0.0098,0.071454612,0.035924617,0.031765425,-0.020609884,0.694,1,,,6/5/2019,6/14/2019,1,,,,,,0,0,2,600,
137,CL,75,CL100,F,5/12/2019,5/15/2019,5/22/2019,,7/3/2019,28,6/2/2019,0,M,0.6148,0.0994,0.1691,0.1422,0.1776,0.182,0.7703,0.15406,0.0365,0.0193,0.0253,0.0002,0.063611014,0.035920342,0.048841699,0.000405927,0.5188,1,,,6/5/2019,6/14/2019,5,,,,,,15,180,200,0,
138,CL,75,CL100,G,5/12/2019,5/15/2019,5/22/2019,,6/27/2019,23,6/1/2019,0,M,0.6306,0.0855,0.0425,0.1518,0.1431,0.1948,0.6177,0.12354,0.0626,0.0544,0.0112,-0.0012,0.107449365,0.104615385,0.024054983,-0.002640845,0.478,1,,,6/4/2019,6/14/2019,2,,,,,,3,5,14,1200,
139,CL,75,CL100,G,5/12/2019,5/15/2019,,5/25/2019,,,,,,,,,,,,,,,,,,,,,,,,,0,,,,,,,,,,,,,
140,CL,75,CL100,G,5/12/2019,5/15/2019,5/23/2019,,7/3/2019,28,6/1/2019,0,F,0.6562,0.1551,0.1338,0.135,0.1739,0.2061,0.8039,0.16078,0.0144,0.0334,0.0399,-0.0082,0.025267591,0.060126013,0.076422141,-0.017005392,0.7485,1,,,6/5/2019,6/14/2019,0,,,,,,5,10,5,0,
141,CL,75,CL100,G,5/12/2019,5/15/2019,5/23/2019,,6/25/2019,21,5/31/2019,0,M,0.6135,0.1684,0.201,0.2163,0.167,0.2114,0.9641,0.19282,0.0197,0.0158,0.0654,-0.0327,0.035228898,0.029286376,0.124880657,-0.071350644,0.4848,1,,,6/4/2019,6/14/2019,1,,,,,,0,0,20,0,
142,CL,75,CL100,G,5/12/2019,5/15/2019,5/23/2019,,6/30/2019,26,5/31/2019,0,F,0.5644,0.0939,0.1214,0.188,0.181,0.1974,0.7817,0.15634,0.0472,0.0226,0.0312,-0.0102,0.091137285,0.048013597,0.069627315,-0.024466299,0.4722,1,,,6/4/2019,6/14/2019,1,,,,,,0,0,8,1200,
143,CL,75,CL100,G,5/12/2019,5/15/2019,5/22/2019,,6/30/2019,26,5/31/2019,0,F,0.5147,0.1005,0.0832,0.1092,0.1103,0.1184,0.5216,0.10432,0.0358,0.0317,0.0481,-0.0044,0.077338518,0.074221494,0.121648963,-0.012669162,0.4625,1,,,6/4/2019,6/14/2019,0,,,,,,0,1200,5,0,
144,CL,75,CL100,G,5/12/2019,5/15/2019,5/23/2019,,6/30/2019,26,5/31/2019,0,M,0.6116,0.1775,0.1754,0.1902,0.1911,0.1592,0.8934,0.17868,0.0235,0.0162,0.0319,-0.0053,0.045088258,0.032549729,0.066251298,-0.011788256,0.5082,1,,,6/4/2019,6/14/2019,6,,,,,,0,0,0,2280,
145,CL,531,CL500,A,5/12/2019,5/14/2019,5/22/2019,,7/11/2019,36,6/1/2019,0,F,0.6017,0.0746,0.1817,0.0754,0.1915,0.2653,0.7885,0.1577,0.036,-0.0934,0.1466,-0.0365,0.069390902,-0.193454847,0.254425547,-0.084962756,0.8359,1,,,6/5/2019,6/14/2019,0,,,,,,10,600,5,0,
146,CL,531,CL500,A,5/12/2019,5/14/2019,5/22/2019,,6/27/2019,23,6/1/2019,0,M,0.602,0.1371,0.1716,0.1849,0.2365,0.1937,0.9238,0.18476,0.0334,0.0209,0.0442,-0.0346,0.059738866,0.039756515,0.087559429,-0.075119409,0.5363,1,,,6/4/2019,6/14/2019,2,,,,,,0,600,0,0,
147,CL,531,CL500,A,5/12/2019,5/14/2019,5/23/2019,,6/28/2019,24,5/31/2019,0,M,0.59,0.1477,0.1628,0.1173,0.2116,0.2518,0.8912,0.17824,0.015,0.0266,0.0278,-0.0064,0.028419856,0.051872075,0.057178116,-0.013961606,0.5608,1,,,6/4/2019,6/14/2019,0,,,,,,0,1200,0,0,
148,CL,531,CL500,A,5/12/2019,5/14/2019,5/22/2019,,6/28/2019,24,5/31/2019,0,F,0.6727,0.1545,0.1701,0.2346,0.2944,0.334,1.1876,0.23752,0.0266,0.0176,0.007,-0.0402,0.044237485,0.030624674,0.012565069,-0.073077622,0.8358,1,,,6/4/2019,6/14/2019,5,5,6/24/2019,6/27/2019,0,0,3,0,10,1200,
149,CL,531,CL500,A,5/12/2019,5/14/2019,5/21/2019,,7/3/2019,29,5/31/2019,0,F,0.5133,0.0923,0.1775,0.1431,0.1652,0.1358,0.7139,0.14278,0.0282,0.0017,0.0096,-0.0048,0.059758423,0.003831418,0.021719457,-0.011100833,0.6533,1,,,6/4/2019,6/14/2019,3,,,,,,3,0,90,600,
150,CL,531,CL500,A,5/12/2019,5/15/2019,5/23/2019,,6/22/2019,18,6/1/2019,0,M,0.6147,0.1316,0.1778,0.1878,0.2009,0.2384,0.9365,0.1873,0.0491,0.0233,0.0334,-0.0143,0.083674165,0.043332713,0.064930016,-0.02972973,0.5136,1,,,6/4/2019,6/14/2019,1,,,,,,25,1020,13,0,
151,CL,531,CL500,A,5/12/2019,5/15/2019,5/22/2019,,7/5/2019,31,6/1/2019,0,F,0.6537,0.1144,0.2342,0.2365,0.2925,0.2961,1.1737,0.23474,0.0308,0.0172,0.0218,-0.0205,0.050850256,0.029918247,0.039089116,-0.038253405,0.9042,1,,,6/4/2019,6/14/2019,1,1,6/21/2019,6/24/2019,215,2,0,0,26,0,
152,CL,531,CL500,B,5/12/2019,5/14/2019,5/22/2019,,7/9/2019,34,6/2/2019,0,F,0.6167,0.0819,0.1091,0.1387,0.1647,0.2232,0.7176,0.14352,0.0366,0.0132,0.0367,-0.0124,0.064813175,0.024995266,0.071275976,-0.025930573,0.8074,1,,,6/5/2019,6/14/2019,1,,,,,,0,540,30,0,
153,CL,531,CL500,B,5/12/2019,5/14/2019,5/23/2019,,6/27/2019,22,6/1/2019,0,M,0.6866,0.1208,0.1677,0.1683,0.232,0.2508,0.9396,0.18792,0.0254,0.0118,0.0316,-0.028,0.042603153,0.02067274,0.056529517,-0.053090633,0.5481,1,,,6/5/2019,6/14/2019,0,,,,,,0,0,27,0,
154,CL,531,CL500,B,5/12/2019,5/14/2019,5/22/2019,,7/3/2019,28,6/1/2019,0,M,0.7016,0.0881,0.0916,0.1804,0.2459,0.2921,0.8981,0.17962,0.0409,0.0375,0.019,-0.003,0.066994267,0.065835674,0.035707574,-0.005846813,0.5401,1,,,6/5/2019,6/14/2019,1,,,,,,0,600,3,1200,
155,CL,531,CL500,B,5/12/2019,5/14/2019,,5/28/2019,,,,,,,,,,,,,,,,,,,,,,,,,0,,,,,,,,,,,,,
156,CL,531,CL500,B,5/12/2019,5/14/2019,5/22/2019,5/23/2019,,,,,,,,,,,,,,,,,,,,,,,,,0,,,,,,,,,,,,,
157,CL,531,CL500,B,5/12/2019,5/14/2019,5/23/2019,,6/23/2019,19,6/1/2019,0,M,0.7309,0.0819,0.1551,0.1817,0.2036,0.199,0.8213,0.16426,0.046,0.0721,0.0349,-0.0095,0.065798884,0.11039657,0.060068847,-0.017396081,0.4102,1,,,6/4/2019,6/14/2019,0,,,,,,120,0,15,0,
158,CL,531,CL500,B,5/12/2019,5/15/2019,,5/22/2019,,,,,,,,,,,,,,,,,,,,,,,,,0,,,,,,Peter Pan,,,,,,,Peter Pan
159,CL,531,CL500,B,5/12/2019,5/15/2019,5/24/2019,,6/15/2019,10,6/3/2019,0,M,0.666,0.1438,0.085,0.1759,0.1952,0.1615,0.7614,0.15228,0.0422,0.0476,0.0362,-0.0131,0.063363363,0.076306508,0.062825408,-0.024259259,,1,,1,6/5/2019,6/14/2019,,,,,,,10,,5,,
160,CL,531,CL500,D,5/12/2019,5/15/2019,5/22/2019,,6/14/2019,10,6/1/2019,0,M,0.6132,0.0936,0.0752,0.1133,0.1533,0.0486,0.484,0.0968,0.0173,0.0389,0.0729,0.01,0.029889426,0.069278718,0.139494834,0.022237047,,0,5,1,6/4/2019,,,,,,,,,,,,
161,CL,531,CL500,D,5/12/2019,5/15/2019,5/22/2019,,7/7/2019,32,6/1/2019,0,F,0.6453,0.0831,0.1278,0.1748,0.1408,0.0606,0.5871,0.11742,0.0399,0.0226,0.0506,-0.0792,0.072863404,0.044514477,0.10430839,-0.182278481,0.7209,1,,,6/5/2019,6/14/2019,0,,,,,,0,25,52,0,
162,CL,531,CL500,D,5/12/2019,5/15/2019,5/22/2019,,6/27/2019,22,6/1/2019,0,F,0.5391,0.1193,0.1365,0.1724,0.1954,0.1791,0.8027,0.16054,0.0107,-0.0037,0.0148,-0.0268,0.022761115,-0.008053983,0.03195854,-0.059781396,0.6362,1,,,6/5/2019,6/14/2019,2,,,,,,25,845,47,900,
163,CL,531,CL500,D,5/12/2019,5/15/2019,5/23/2019,,6/26/2019,22,6/1/2019,0,M,0.6304,0.1233,0.1657,0.0875,0.1894,0.1821,0.748,0.1496,0.0537,0.0036,0.0497,-0.0203,0.089173032,0.006563355,0.091209396,-0.040993538,0.5613,1,,,6/4/2019,6/14/2019,1,,,,,,5,0,30,0,
164,CL,531,CL500,D,5/12/2019,5/15/2019,5/23/2019,,7/1/2019,27,5/31/2019,0,F,0.5163,0.1664,0.2074,0.1529,0.1802,0.1026,0.8095,0.1619,,0.0096,0.0492,-0.1196,,0.02123424,0.111186441,-0.304093567,0.5684,1,,,6/4/2019,6/14/2019,1,,,,,,8,0,229,0,
165,CL,531,CL500,D,5/12/2019,5/15/2019,5/22/2019,,7/5/2019,31,5/31/2019,0,F,0.5318,0.0856,0.1585,0.1462,0.2132,0.1528,0.7563,0.15126,0.0149,0.0017,0.0333,-0.0345,0.030464118,0.003584985,0.07047619,-0.078551913,0.6859,1,,,6/4/2019,6/14/2019,2,,,,,,0,0,619,600,
166,CL,531,CL500,D,5/12/2019,5/15/2019,5/24/2019,,6/27/2019,22,6/1/2019,0,M,0.4667,0.1315,0.1236,0.1345,0.11,0.1237,0.6233,0.12466,0.0074,0.0109,0.0431,-0.0146,0.01775006,0.026617827,0.10812845,-0.041068917,0.3889,1,,,6/5/2019,6/14/2019,4,,,,,,0,0,33,0,
167,CL,531,CL500,F,5/12/2019,5/14/2019,5/22/2019,,7/13/2019,39,6/1/2019,0,F,0.6744,0.038,0.1214,0.088,0.1508,0.1863,0.5845,0.1169,0.0628,0.0164,0.0364,-0.0097,0.101421189,0.029475198,0.067407407,-0.019261319,0.8591,1,,,6/4/2019,6/14/2019,5,5,6/21/2019,6/24/2019,359,2,15,120,77,210,
168,CL,531,CL500,F,5/12/2019,5/14/2019,,5/23/2019,,,,,,,,,,,,,,,,,,,,,,,,,0,,,,,,,,,,,,,
169,CL,531,CL500,F,5/12/2019,5/14/2019,5/22/2019,,6/26/2019,22,6/1/2019,0,M,0.6008,0.0628,0.105,0.123,0.0818,0.1204,0.493,0.0986,0.0466,0.0258,0.0519,0.0274,0.084100343,0.050837438,0.107743409,0.063750582,0.4742,1,,,6/4/2019,6/14/2019,0,,,,,,0,2,10,0,
170,CL,531,CL500,F,5/12/2019,5/14/2019,5/23/2019,5/24/2019,,,,,,,,,,,,,,,,,,,,,,,,,0,,,,,,,,,,,,,
171,CL,531,CL500,F,5/12/2019,5/15/2019,5/24/2019,,7/12/2019,37,6/2/2019,0,F,0.6172,0.106,0.136,0.167,0.1908,0.1258,0.7256,0.14512,0.0333,0.0265,0.0002,-0.002,0.057652355,0.048686386,0.00038625,-0.003863988,0.8282,1,,,6/5/2019,6/14/2019,1,,,,,,0,0,0,0,
172,CL,531,CL500,F,5/12/2019,5/15/2019,5/23/2019,,7/6/2019,32,5/31/2019,0,F,0.6411,0.1066,0.1578,0.1955,0.1974,0.183,0.8403,0.16806,0.0877,0.014,0.0195,-0.0191,0.154428597,0.029154519,0.041827542,-0.042758003,0.6751,1,,,6/4/2019,6/14/2019,2,,,,,,0,0,30,0,
173,CL,531,CL500,F,5/12/2019,5/15/2019,5/21/2019,,7/4/2019,30,5/30/2019,0,F,0.5618,0.0722,0.0647,0.1043,0.1046,0.0877,0.4335,0.0867,0.0355,0.0182,0.0348,0.0111,0.0728504,0.040283311,0.080258303,0.027833501,0.5903,1,,,6/4/2019,6/14/2019,1,,,,,,0,600,51,0,
174,CL,531,CL500,G,5/12/2019,5/15/2019,5/23/2019,,7/3/2019,28,6/1/2019,0,M,0.581,0.1094,0.1303,0.2054,0.1677,0.1932,0.806,0.1612,0.0166,0.0178,0.0459,-0.0049,0.033213285,0.036837748,0.098624839,-0.011680572,0.5761,1,,,6/5/2019,6/14/2019,2,,,,,,5,0,60,1200,
175,CL,531,CL500,G,5/12/2019,5/15/2019,5/22/2019,,7/16/2019,42,6/1/2019,0,F,0.6367,0.1324,0.1381,0.1409,0.1536,0.175,0.74,0.148,0.054,0.0821,-0.0165,-0.0136,0.093636206,0.157069064,-0.037448933,-0.029752789,0.7478,1,,,6/4/2019,6/14/2019,1,,,,,,0,0,17,0,
176,CL,531,CL500,G,5/12/2019,5/15/2019,5/23/2019,,6/27/2019,23,6/1/2019,0,F,0.5569,0.0884,0.1315,0.1332,0.1628,0.1704,0.6863,0.13726,0.055,0.016,0.0303,-0.02,0.104463438,0.033934252,0.066520307,-0.047036689,0.5578,1,,,6/4/2019,6/14/2019,1,,,,,,0,0,145,0,
177,CL,531,CL500,G,5/12/2019,5/15/2019,5/23/2019,,7/21/2019,47,5/31/2019,0,F,0.5712,0.1424,0.2291,0.1698,0.163,0.22,0.9243,0.18486,0.0101,0.0026,0.012,-0.0017,0.018867925,0.004950495,0.022962113,-0.003329416,0.7825,1,,,6/4/2019,6/14/2019,1,,,,,,0,0,0,600,
178,CL,531,CL500,G,5/12/2019,5/15/2019,5/22/2019,,7/8/2019,33,6/1/2019,0,F,0.6499,0.1971,0.1972,0.232,0.2721,0.2588,1.1572,0.23144,0.0167,0.0198,0.0024,-0.0226,0.03003057,0.036707453,0.004618938,-0.043696829,0.8145,1,,,6/5/2019,6/14/2019,5,,,,,,0,30,5,1800,
179,CL,531,CL500,G,5/12/2019,5/15/2019,5/24/2019,5/24/2019,,,,,,,,,,,,,,,,,,,,,,,,,0,,,,,,,,,,,,,
180,CL,531,CL500,G,5/12/2019,5/15/2019,5/23/2019,,7/3/2019,28,6/2/2019,0,F,0.5503,0.1001,0.1262,0.1804,0.1929,0.2201,0.8197,0.16394,0.0226,0.0255,0.0145,-0.0269,0.044505711,0.052555647,0.03154231,-0.060422282,0.7125,1,,,6/5/2019,6/14/2019,3,3,6/24/2019,6/27/2019,203,3,0,0,83,0,
181,IM,0,IM0,A,5/12/2019,5/14/2019,5/21/2019,,7/7/2019,33,5/31/2019,0,F,0.6326,0.1526,0.1192,0.2591,0.2593,0.2783,1.0685,0.2137,0.0146,0.0221,0.0242,-0.0139,0.026415777,0.041070433,0.046899225,-0.028263522,0.7836,1,,,6/4/2019,6/14/2019,6,6,6/21/2019,6/24/2019,498,2,65,0,26,1200,
182,IM,0,IM0,A,5/12/2019,5/14/2019,5/22/2019,5/23/2019,,,,,,,,,,,,,,,,,,,,,,,,,0,,,,,,,,,,,,,
183,IM,0,IM0,A,5/12/2019,5/14/2019,5/24/2019,,6/25/2019,20,6/2/2019,0,M,0.6968,0.0661,0.1828,0.0878,0.2632,0.2439,0.8438,0.16876,0.0432,0.0037,0.047,-0.041,0.067892504,0.006238408,0.079742111,-0.075589971,0.5721,1,,,6/5/2019,6/14/2019,0,,,,,,0,0,15,0,
184,IM,0,IM0,A,5/12/2019,5/14/2019,5/22/2019,,7/9/2019,34,6/2/2019,0,F,0.5669,0.0763,0.1415,0.1233,0.2441,0.2244,0.8096,0.16192,0.056,0.0053,0.0332,-0.0556,0.106911035,0.011329628,0.071783784,-0.129513161,0.7634,1,,,6/5/2019,6/14/2019,1,,,,,,3,0,5,600,
185,IM,0,IM0,A,5/12/2019,5/14/2019,5/22/2019,,6/20/2019,15,6/2/2019,0,M,0.586,0.0426,0.1059,0.1136,0.1805,0.1346,0.5772,0.11544,0.0371,0.0111,0.0599,-0.0221,0.069177699,0.022235577,0.122720754,-0.051611397,,1,,,6/5/2019,6/14/2019,3,,,,,,40,0,65,600,
186,IM,0,IM0,A,5/12/2019,5/14/2019,5/22/2019,,7/16/2019,41,6/1/2019,0,F,0.6283,0.1406,0.1753,0.131,0.2537,0.3295,1.0301,0.20602,0.0127,0.0174,0.0295,-0.0217,0.023791682,0.033390904,0.058566607,-0.045761282,0.602,1,,,6/5/2019,6/14/2019,7,7,6/24/2019,6/27/2019,69,3,0,0,62,1200,
187,IM,0,IM0,A,5/12/2019,5/15/2019,5/22/2019,,6/28/2019,23,5/31/2019,0,M,0.5798,0.1287,0.0992,0.156,0.2551,0.2289,0.8679,0.17358,0.0182,0.0221,0.049,-0.0356,0.035897436,0.045212766,0.104992501,-0.085228633,,1,,,6/5/2019,6/14/2019,0,,,,,,0,600,10,0,
188,IM,0,IM0,A,5/12/2019,5/15/2019,5/22/2019,,7/20/2019,46,6/1/2019,0,F,0.7355,0.0521,0.1064,0.2037,0.1306,0.3691,0.8619,0.17238,0.0745,0.0287,0.0375,-0.0086,0.107845976,0.04656823,0.063818924,-0.015633521,1.1939,1,,,6/4/2019,6/14/2019,2,,,,,,0,0,10,0,
189,IM,0,IM0,B,5/12/2019,5/14/2019,,5/28/2019,,,,,,,,,,,,,,,,,,,,,,,,,0,,,,,,,,,,,,,
190,IM,0,IM0,B,5/12/2019,5/14/2019,5/23/2019,,6/26/2019,21,6/2/2019,0,M,0.7277,0.1903,0.0614,0.0498,0.2648,0.3303,0.8966,0.17932,-0.0515,0.0335,0.0852,-0.0756,-0.090796897,0.05414579,0.145591251,-0.1512,0.5013,1,,,6/5/2019,6/14/2019,0,,,,,,0,0,30,0,
191,IM,0,IM0,B,5/12/2019,5/14/2019,,5/22/2019,,,,,,,,,,,,,,,,,,,,,,,,,0,,,,,,,,,,,,,
192,IM,0,IM0,B,5/12/2019,5/14/2019,5/24/2019,,7/10/2019,35,6/2/2019,0,M,0.7799,0.0344,0.1545,0.0949,0.2795,0.1358,0.6991,0.13982,0.0589,0.0271,0.0544,-0.0326,0.081084802,0.040599251,0.084946908,-0.055631399,0.6885,1,,,6/5/2019,6/14/2019,1,,,,,,180,0,5,0,
193,IM,0,IM0,B,5/12/2019,5/14/2019,5/23/2019,,6/28/2019,24,6/1/2019,0,M,0.6922,0.0555,0.1344,0.0966,0.2002,0.2566,0.7433,0.14866,0.0692,0.0288,0.0232,-0.0244,0.103453431,0.048024012,0.04063759,-0.044549936,0.5363,1,,,6/4/2019,6/14/2019,0,,,,,,0,600,22,0,
194,IM,0,IM0,B,5/12/2019,5/15/2019,5/24/2019,,7/15/2019,41,6/1/2019,0,F,0.5893,0.097,0.2071,0.3012,0.2677,0.3454,1.2184,0.24368,0.0432,0.0115,0.0171,-0.0382,0.077433232,0.022343112,0.033982512,-0.078584653,,1,,,6/4/2019,6/14/2019,2,,,,,,0,0,48,600,
195,IM,0,IM0,B,5/12/2019,5/15/2019,5/22/2019,,7/3/2019,28,6/2/2019,0,F,0.7234,0.1472,0.2248,0.0919,0.2924,0.3249,1.0812,0.21624,0.0535,0.0073,0.0585,-0.0599,0.082625483,0.012289562,0.099710244,-0.113404014,0.8,1,,,6/5/2019,6/14/2019,5,5,6/21/2019,6/24/2019,399,1,0,0,0,1800,
196,IM,0,IM0,D,5/12/2019,5/15/2019,5/22/2019,,7/10/2019,36,5/31/2019,0,F,0.5485,0.0894,0.1214,0.1927,0.1542,0.1977,0.7554,0.15108,0.0123,0.0306,0.0206,-0.0079,0.024274719,0.061893204,0.044415696,-0.01782491,0.7911,1,,,6/4/2019,6/14/2019,1,,,,,,0,180,15,0,
197,IM,0,IM0,D,5/12/2019,5/15/2019,5/22/2019,,7/3/2019,29,6/1/2019,0,F,0.6517,0.1509,0.1355,0.1333,0.2087,0.2034,0.8318,0.16636,0.026,0.0431,0.0104,-0.0209,0.04170008,0.072133891,0.018759019,-0.038419118,0.6561,1,,,6/4/2019,6/14/2019,0,,,,,,0,0,5,0,
198,IM,0,IM0,D,5/12/2019,5/15/2019,5/22/2019,,6/17/2019,12,6/1/2019,0,F,0.5436,0.092,0.1769,0.1032,0.2038,0.1903,0.7662,0.15324,0.0266,-0.017,0.0344,-0.0375,0.057538395,-0.039017673,0.075988513,-0.089648578,,1,,0,6/5/2019,6/14/2019,2,,,,,,3,,2,1200,
199,IM,0,IM0,D,5/12/2019,5/15/2019,5/23/2019,,6/20/2019,16,6/1/2019,0,M,0.7954,0.156,0.1563,0.1484,0.2092,0.2622,0.9321,0.18642,0.0492,0.0702,0.0569,-0.0171,0.064137661,0.097785207,0.087849313,-0.028943805,,1,,,6/4/2019,6/14/2019,2,,,,,,5,0,0,600,
200,IM,0,IM0,D,5/12/2019,5/15/2019,5/21/2019,,7/3/2019,29,6/1/2019,0,M,0.604,0.0718,0.0922,0.1071,0.0955,0.1063,0.4729,0.09458,0.0519,0.0269,0.0818,0.0225,0.089022298,0.050649595,0.162237207,0.053267045,0.6029,1,,,6/4/2019,6/14/2019,0,,,,,,28,1200,30,600,
201,IM,0,IM0,D,5/12/2019,5/15/2019,5/23/2019,,7/5/2019,30,6/2/2019,0,M,0.7519,0.0556,0.1206,0.1445,0.1671,0.1996,0.6874,0.13748,0.0675,-0.0008,0.06,-0.0161,0.097613883,-0.001282051,0.09603073,-0.028505666,0.6717,1,,,6/5/2019,6/14/2019,2,,,,,,5,0,92,0,
202,IM,0,IM0,D,5/12/2019,5/15/2019,5/22/2019,,7/5/2019,30,6/1/2019,0,F,0.7146,0.0947,0.1346,0.0848,0.1455,0.1272,0.5868,0.11736,0.0484,0.0086,0.0658,0.0233,0.082242991,0.015922977,0.123800564,0.05003221,0.6168,1,,,6/5/2019,6/14/2019,5,5,6/24/2019,6/27/2019,187,2,0,0,32,0,
203,IM,0,IM0,F,5/12/2019,5/14/2019,5/23/2019,,7/4/2019,29,6/1/2019,0,M,0.6709,0.1265,0.2118,0.2739,0.2607,0.2235,1.0964,0.21928,0.0388,-0.0094,0.0252,-0.0283,0.06478544,-0.016782717,0.044249342,-0.051993386,0.5282,1,,,6/5/2019,6/14/2019,5,,,,,,0,0,0,1080,
204,IM,0,IM0,F,5/12/2019,5/14/2019,5/23/2019,,7/6/2019,31,6/1/2019,0,M,0.6076,0.0657,0.0995,0.0903,0.2094,0.0829,0.5478,0.10956,0.0572,-0.0016,0.0371,-0.0341,0.108621344,-0.003408607,0.078768577,-0.078589537,0.5442,1,,,6/5/2019,6/14/2019,4,,,,,,80,0,123,602,
205,IM,0,IM0,F,5/12/2019,5/14/2019,5/22/2019,,7/3/2019,29,5/31/2019,0,F,0.5836,0.0659,0.1247,0.1767,0.1526,0.1952,0.7151,0.14302,0.0378,0.0177,0.017,-0.02,0.06943424,0.034938808,0.034771937,-0.042381861,0.6357,1,,,6/4/2019,6/14/2019,1,,,,,,0,0,0,0,
206,IM,0,IM0,F,5/12/2019,5/14/2019,5/21/2019,,7/9/2019,35,5/31/2019,0,F,0.5907,0.1451,0.1739,0.192,0.1956,0.1833,0.8899,0.17798,0.0318,0.0063,-0.0002,-0.0039,0.058327219,0.012271134,-0.0003944,-0.007687759,0.6462,1,,,6/4/2019,6/14/2019,0,,,,,,0,1500,2,0,
207,IM,0,IM0,F,5/12/2019,5/14/2019,5/23/2019,,6/28/2019,24,6/1/2019,0,M,0.7199,0.1268,0.1618,0.2175,0.1687,0.1548,0.8296,0.16592,0.0486,0.042,0.0271,-0.0033,0.069677419,0.064724919,0.044653155,-0.005691618,0.565,1,,,6/4/2019,6/14/2019,2,,,,,,70,20,203,480,
208,IM,0,IM0,F,5/12/2019,5/15/2019,5/22/2019,,6/26/2019,22,6/1/2019,0,M,0.542,0.0673,0.1189,0.1813,0.1496,0.1453,0.6624,0.13248,0.0674,0.0307,0.0313,-0.0049,0.129341777,0.067665858,0.073995272,-0.012509574,0.4624,1,,,6/4/2019,6/14/2019,2,,,,,,0,0,271,1200,
209,IM,0,IM0,F,5/12/2019,5/15/2019,5/22/2019,,7/1/2019,27,5/31/2019,0,F,0.5238,0.111,0.117,0.1271,0.1558,0.1372,0.6481,0.12962,0.0057,0.0136,0.0041,-0.0258,0.011680328,0.028198217,0.0087476,-0.05553164,0.493,1,,,6/4/2019,6/14/2019,1,,,,,,0,300,0,600,
210,IM,0,IM0,G,5/12/2019,5/15/2019,5/22/2019,,7/5/2019,31,5/31/2019,0,F,0.5199,0.1556,0.152,0.1733,0.1642,0.1314,0.7765,0.1553,0.0117,0.0207,0.0235,0.0221,0.025145068,0.045634921,0.054285054,0.053981436,0.6375,1,,,6/4/2019,6/14/2019,1,,,,,,55,25,50,0,
211,IM,0,IM0,G,5/12/2019,5/15/2019,5/23/2019,,6/24/2019,19,6/2/2019,0,M,0.7587,0.0335,0.1083,0.0889,0.206,0.1317,0.5684,0.11368,0.0772,0.0239,0.0998,-0.072,0.112783053,0.03935452,0.171066164,-0.148883375,0.4917,1,,,6/5/2019,6/14/2019,0,,,,,,3,1200,67,0,
212,IM,0,IM0,G,5/12/2019,5/15/2019,5/23/2019,,7/3/2019,29,5/31/2019,0,F,0.5375,0.0355,0.0578,0.0915,0.1474,0.1653,0.4975,0.0995,0.0424,0.043,0.0307,-0.0106,0.0836127,0.092532817,0.072800569,-0.027109974,,1,,,6/4/2019,6/14/2019,1,,,,,,5,0,12,1200,
213,IM,0,IM0,G,5/12/2019,5/15/2019,5/22/2019,,7/6/2019,32,5/31/2019,0,F,0.5659,0.1121,0.123,0.1651,0.1206,0.1836,0.7044,0.14088,0.0403,0.0176,-0.0164,0.0349,0.077203065,0.036537264,-0.035337212,0.072632674,0.6529,1,,,6/4/2019,6/14/2019,3,,,,,,10,600,148,600,
214,IM,0,IM0,G,5/12/2019,5/15/2019,5/22/2019,,7/3/2019,29,6/1/2019,0,F,0.5924,0.0615,0.1194,0.1663,0.163,0.1808,0.691,0.1382,0.0593,0.0114,0.0128,-0.026,0.106063316,0.022809124,0.026208026,-0.054667788,0.6798,1,,,6/4/2019,6/14/2019,1,,,,,,600,360,44,0,
215,IM,0,IM0,G,5/12/2019,5/15/2019,5/22/2019,,6/27/2019,23,5/31/2019,0,M,0.6229,0.0847,0.1279,0.1458,0.1663,0.2099,0.7346,0.14692,0.0444,0.0262,0.0377,-0.0118,0.075561607,0.048232695,0.072920696,-0.024619236,,1,,,6/4/2019,6/14/2019,0,,,,,,0,600,0,0,
216,IM,0,IM0,G,5/12/2019,5/15/2019,5/22/2019,,7/10/2019,35,6/2/2019,0,F,0.6702,0.0785,0.169,0.1043,0.2246,0.2265,0.8029,0.16058,-0.0233,-0.0066,0.0364,-0.0324,-0.04533956,-0.012285927,0.066936374,-0.063854947,0.7617,1,,,6/5/2019,6/14/2019,1,,,,,,5,0,5,0,
217,IM,15,IM025,A,5/12/2019,5/14/2019,5/21/2019,,7/5/2019,31,5/31/2019,0,F,0.5703,0.0922,0.1767,0.2278,0.29,0.3295,1.1162,0.22324,0.0241,0.0042,0.0206,-0.0278,0.045114189,0.00823368,0.04071951,-0.057284154,,1,,,6/4/2019,6/14/2019,0,,,,,,0,600,0,0,
218,IM,15,IM025,A,5/12/2019,5/14/2019,5/21/2019,,7/5/2019,31,5/31/2019,0,F,0.5464,0.0897,0.1571,0.2167,0.2728,0.2855,1.0218,0.20436,0.0202,0.0029,0.0136,-0.0238,0.039834352,0.005956048,0.028099174,-0.050595238,0.6927,1,,,6/4/2019,6/14/2019,5,5,6/21/2019,6/24/2019,478,1,5,0,5,1200,
219,IM,15,IM025,A,5/12/2019,5/14/2019,5/22/2019,,7/13/2019,39,5/31/2019,0,F,0.542,0.1667,0.0846,0.1593,0.2885,0.2493,0.9484,0.18968,-0.0131,0.0431,0.0101,-0.0505,-0.025807723,0.08277319,0.021147404,-0.10802139,0.7716,1,,,6/4/2019,6/14/2019,0,,,,,,3,300,10,0,
220,IM,15,IM025,A,5/12/2019,5/14/2019,5/22/2019,,6/27/2019,22,6/2/2019,0,F,0.6414,0.0467,0.1068,0.1555,0.2416,0.2443,0.7949,0.15898,0.0522,0.0365,0.0474,-0.0609,0.085883514,0.065694744,0.091311886,-0.129107484,0.6147,1,,,6/5/2019,6/14/2019,0,,,,,,20,300,5,0,
221,IM,15,IM025,A,5/12/2019,5/14/2019,,5/28/2019,,,,,,,,,,,,,,,,,,,,,,,,,0,,,,,,,,,,,,,
222,IM,15,IM025,A,5/12/2019,5/15/2019,5/22/2019,,7/21/2019,46,6/2/2019,0,F,0.5724,0.1299,0.2219,0.1764,0.2716,0.3074,1.1072,0.22144,-0.0183,0.0432,0.0414,-0.0413,-0.034256833,0.078190045,0.081288042,-0.088266724,0.8317,1,,,6/5/2019,6/14/2019,2,,,,,,2,0,0,1200,
223,IM,15,IM025,A,5/12/2019,5/15/2019,5/22/2019,,6/25/2019,20,6/2/2019,0,M,0.6664,0.0857,0.2049,0.2166,0.2784,0.3413,1.1269,0.22538,0.0513,-0.0006,0.0262,-0.0178,0.081739962,-0.001041124,0.04541515,-0.032322499,0.4612,1,,,6/5/2019,6/14/2019,1,,,,,,30,0,0,600,
224,IM,15,IM025,B,5/12/2019,5/14/2019,5/22/2019,5/24/2019,,,,,,,,,,,,,,,,,,,,,,,,,0,,,,,,,,,,,,,
225,IM,15,IM025,B,5/12/2019,5/14/2019,5/23/2019,,7/1/2019,26,6/1/2019,0,M,0.6123,0.1627,0.2097,0.2417,0.1917,0.1341,0.9399,0.18798,-0.001,0.0189,0.0188,1.00E-04,-0.001821162,0.03435739,0.035391566,0.00019516,0.5305,1,,,6/5/2019,6/14/2019,4,,,,,,20,690,5,1200,
226,IM,15,IM025,B,5/12/2019,5/14/2019,5/23/2019,5/24/2019,,,,,,,,,,,,,,,,,,,,,,,,,0,,,,,,,,,,,,,
227,IM,15,IM025,B,5/12/2019,5/14/2019,5/23/2019,,7/5/2019,30,6/2/2019,0,M,0.6649,0.0922,0.1458,0.2044,0.3236,0.287,1.053,0.2106,0.0461,0.0178,0.0097,-0.0476,0.073854534,0.030790521,0.017312154,-0.086451144,0.5784,1,,,6/5/2019,6/14/2019,0,,,,,,23,0,10,0,
228,IM,15,IM025,B,5/12/2019,5/14/2019,5/23/2019,,7/8/2019,33,6/2/2019,0,F,0.5438,0.0889,0.1454,0.1853,0.2444,0.1698,0.8338,0.16676,0.0417,0.0062,0.019,-0.0358,0.079946319,0.012919358,0.040109774,-0.078733231,0.7237,1,,,6/5/2019,6/14/2019,3,,,,,,3,600,3,1200,
229,IM,15,IM025,B,5/12/2019,5/14/2019,5/23/2019,,6/28/2019,23,6/2/2019,0,M,0.7171,0.036,0.0904,0.1904,0.1966,0.0644,0.5778,0.11556,0.0557,0.0416,0.0256,-0.0141,0.080666184,0.065532451,0.043155765,-0.024841438,0.4964,1,,,6/5/2019,6/14/2019,5,,,,,,605,120,0,1200,
230,IM,15,IM025,B,5/12/2019,5/15/2019,5/23/2019,,6/17/2019,12,6/2/2019,0,F,0.5817,0.1022,0.067,0.1716,0.2023,0.2214,0.7645,0.1529,0.0486,0.0436,-0.0031,0.0067,0.088508468,0.087112887,-0.006784854,0.014565217,,1,,1,6/5/2019,6/14/2019,1,,,,,,7,210,16,,
231,IM,15,IM025,B,5/12/2019,5/15/2019,5/22/2019,,7/3/2019,29,6/1/2019,0,M,0.6677,0.111,0.0679,0.2022,0.2451,0.2435,0.8697,0.17394,0.0663,0.0467,0.0139,-0.0161,0.102283246,0.080254339,0.025971599,-0.030884328,0.5522,1,,,6/4/2019,6/14/2019,6,,,,,,850,0,78,3000,
232,IM,15,IM025,D,5/12/2019,5/15/2019,5/22/2019,,7/3/2019,29,6/1/2019,0,F,0.6795,0.0932,0.0682,0.0119,0.1495,0.1357,0.4585,0.0917,0.0477,-0.0371,0.1297,0.0259,0.073159509,-0.061393348,0.202213907,0.050615595,0.7533,1,,,6/4/2019,6/14/2019,0,,,,,,4,0,44,0,
233,IM,15,IM025,D,5/12/2019,5/15/2019,5/22/2019,,6/23/2019,19,5/31/2019,0,M,0.7155,0.0706,0.0521,0.1502,0.1508,0.0908,0.5145,0.1029,0.063,0.0408,0.0323,-0.0022,0.093819806,0.067050123,0.056896248,-0.004109077,0.4199,1,,,6/4/2019,6/14/2019,0,,,,,,360,600,41,0,
234,IM,15,IM025,D,5/12/2019,5/15/2019,5/22/2019,,6/12/2019,8,6/1/2019,0,M,0.7269,0.0657,0.0977,0.1112,0.0739,,0.3485,0.087125,0.0879,0.043,0.0978,#VALUE!,0.124698539,0.069692058,0.170383275,,,0,4,1,6/4/2019,,,,,,,,,,,,
235,IM,15,IM025,D,5/12/2019,5/15/2019,5/22/2019,,7/7/2019,33,6/1/2019,0,F,0.6566,0.1013,0.0852,0.1213,0.1336,0.1203,0.5617,0.11234,0.071,0.0368,0.0484,0.0155,0.113818532,0.066570188,0.09379845,0.03314799,0.7535,1,,,6/4/2019,6/14/2019,2,2,6/24/2019,6/27/2019,104,2,0,5,108,480,
236,IM,15,IM025,D,5/12/2019,5/15/2019,5/22/2019,,6/28/2019,24,5/31/2019,0,F,0.6524,0.1286,0.1051,0.1693,0.178,0.2339,0.8149,0.16298,0.0509,0.0321,0.0395,-0.0148,0.084341342,0.058089034,0.075888569,-0.030769231,0.5843,1,,,6/4/2019,6/14/2019,1,,,,,,5,0,0,0,
237,IM,15,IM025,D,5/12/2019,5/15/2019,5/22/2019,,6/27/2019,23,6/1/2019,0,M,0.6464,0.0803,0.0647,0.1513,0.1418,0.1663,0.6044,0.12088,0.088,0.0325,0.0452,0.0184,0.140620006,0.060431387,0.089451811,0.039991306,0.4963,1,,,6/4/2019,6/14/2019,1,,,,,,0,0,10,1200,
238,IM,15,IM025,D,5/12/2019,5/15/2019,5/22/2019,,7/9/2019,34,6/1/2019,0,M,0.6895,0.0869,0.1841,0.2183,0.2358,0.104,0.8291,0.16582,0.0497,-0.0012,0.0084,-0.0088,0.080122521,-0.002103049,0.014690451,-0.015619453,0.844,1,,,6/5/2019,6/14/2019,4,,,,,,0,960,266,600,
239,IM,15,IM025,F,5/12/2019,5/14/2019,5/22/2019,,7/3/2019,29,5/31/2019,0,F,0.6702,0.101,0.0777,0.1405,0.2018,0.1984,0.7194,0.14388,0.0381,0.0412,0.0278,-0.0024,0.060911271,0.070139598,0.050897107,-0.00462963,0.729,1,,,6/4/2019,6/14/2019,3,3,8/26/1900,6/27/2019,34,3,0,0,20,1200,
240,IM,15,IM025,F,5/12/2019,5/14/2019,5/22/2019,,7/8/2019,34,5/31/2019,0,F,0.581,0.0949,0.0658,0.1161,0.1319,0.1905,0.5992,0.11984,0.0629,0.0181,0.0275,-0.0151,0.115075009,0.037419888,0.059063574,-0.034467017,0.6545,1,,,6/4/2019,6/14/2019,3,,,,,,0,300,219,0,
241,IM,15,IM025,F,5/12/2019,5/14/2019,5/22/2019,,7/5/2019,31,5/31/2019,0,F,0.6235,0.0718,0.0795,0.1057,0.1675,0.1548,0.5793,0.11586,0.0545,0.0485,0.0012,-0.0256,0.09484859,0.093251298,0.002544529,-0.054421769,0.7093,1,,,6/4/2019,6/14/2019,2,,,,,,570,20,147,600,
242,IM,15,IM025,F,5/12/2019,5/14/2019,5/23/2019,,7/4/2019,30,6/1/2019,0,F,0.507,0.0271,0.0612,0.1826,0.1778,0.1895,0.6382,0.12764,0.1339,0.0371,0.0192,0.0082,0.228303495,0.081970835,0.046209386,0.020691395,0.5312,1,,,6/4/2019,6/14/2019,3,3,6/21/2019,6/24/2019,33,1,2,1200,0,1200,
243,IM,15,IM025,F,5/12/2019,5/14/2019,5/22/2019,,7/3/2019,28,6/2/2019,0,M,0.6879,0.06,0.1252,0.0966,0.1329,0.1355,0.5502,0.11004,0.0522,0.0209,0.0518,0.0027,0.0805307,0.035067114,0.090071292,0.005159564,0.6443,1,,,6/5/2019,6/14/2019,0,,,,,,0,0,20,0,
244,IM,15,IM025,F,5/12/2019,5/15/2019,5/22/2019,,6/28/2019,23,6/1/2019,0,M,0.6657,0.0743,0.126,0.1409,0.1358,0.1455,0.6225,0.1245,0.0455,0.0097,0.0231,-0.0043,0.079020493,0.018291533,0.044371879,-0.008643216,0.4795,1,,,6/5/2019,6/14/2019,4,,,,,,3,0,130,1800,
245,IM,15,IM025,F,5/12/2019,5/15/2019,5/24/2019,,7/12/2019,37,6/2/2019,0,F,0.6648,0.0701,0.1383,0.146,0.1882,0.2018,0.7444,0.14888,0.0513,0.0247,0.0179,1.00E-04,0.081493249,0.042718782,0.032339657,0.000186706,0.975,1,,,6/5/2019,6/14/2019,3,,,,,,7,0,65,1080,
246,IM,15,IM025,G,5/12/2019,5/15/2019,5/22/2019,,6/29/2019,25,6/1/2019,0,M,0.6152,0.1566,0.0695,0.1283,0.176,0.204,0.7344,0.14688,0.0443,0.0291,0.0507,-0.0138,0.07471749,0.053044112,0.09759384,-0.02943686,0.492,1,,,6/4/2019,6/14/2019,5,,,,,,5,0,120,210,
247,IM,15,IM025,G,5/12/2019,5/15/2019,5/24/2019,,7/3/2019,28,6/2/2019,0,M,0.6398,0.0632,0.119,0.1453,0.1737,0.1893,0.6905,0.1381,0.0529,0.0249,0.0342,-0.0144,0.086480301,0.044559771,0.06405694,-0.02881729,0.6099,1,,,6/5/2019,6/14/2019,2,,,,,,0,0,184,300,
248,IM,15,IM025,G,5/12/2019,5/15/2019,5/22/2019,,6/24/2019,20,6/1/2019,0,M,0.7563,0.1494,0.0796,0.1444,0.2516,0.2645,0.8895,0.1779,0.099,0.0306,0.0226,-0.0098,0.134803922,0.04815864,0.037367725,-0.016832704,0.6065,1,,,6/4/2019,6/14/2019,0,,,,,,31,0,22,0,
249,IM,15,IM025,G,5/12/2019,5/15/2019,5/22/2019,,6/25/2019,21,6/1/2019,0,M,0.7021,0.1017,0.1718,0.1713,0.1976,0.218,0.8604,0.17208,0.0842,0.0025,0.0356,0.0059,0.12635054,0.004294057,0.061411075,0.010843595,0.5301,1,,,6/4/2019,6/14/2019,0,,,,,,665,0,39,0,
250,IM,15,IM025,G,5/12/2019,5/15/2019,5/24/2019,,7/1/2019,26,6/2/2019,0,M,0.5576,0.0846,0.1701,0.1913,0.2142,0.2332,0.8934,0.17868,0.0537,0.0006,0.0097,-0.0109,0.100430148,0.001247401,0.020191507,-0.023157,0.6341,1,,,6/5/2019,6/14/2019,2,,,,,,0,1200,0,0,
251,IM,15,IM025,G,5/12/2019,5/15/2019,5/24/2019,,7/1/2019,27,6/1/2019,0,F,0.5895,0.1371,0.0532,0.1433,0.1695,0.1324,0.6355,0.1271,0.0528,0.0453,0.0293,-0.0093,0.094420601,0.089454976,0.0635437,-0.021537749,0.628,1,,,6/4/2019,6/14/2019,1,,,,,,7,0,139,0,
252,IM,15,IM025,G,5/12/2019,5/15/2019,5/25/2019,6/3/2019,,,,,,,,,,,,,,,,,,,,,,,,,0,,,,,,,,,,,,,
253,IM,28,IM050,A,5/12/2019,5/14/2019,5/23/2019,,7/5/2019,30,6/1/2019,0,F,0.6161,0.1232,0.2043,0.221,0.2688,0.2273,1.0446,0.20892,0.0475,0.0147,0.0128,-0.0446,0.09047619,0.03078534,0.027657736,-0.099111111,0.5574,1,,,6/5/2019,6/14/2019,1,,,,,,10,2,15,0,
254,IM,28,IM050,A,5/12/2019,5/14/2019,5/22/2019,,6/30/2019,25,6/2/2019,0,M,0.5623,0.0563,0.0545,0.158,0.2045,0.2499,0.7232,0.14464,0.0392,0.0451,0.0393,-0.0138,0.062649832,0.076896846,0.072589583,-0.027484565,0.6724,1,,,6/5/2019,6/14/2019,0,,,,,,28,0,22,0,
255,IM,28,IM050,A,5/12/2019,5/14/2019,5/22/2019,,6/24/2019,20,5/31/2019,0,M,0.642,0.1177,0.1632,0.1941,0.1817,0.2402,0.8969,0.17938,0.0372,0.0186,0.0421,-0.01,0.062,0.033049041,0.077361264,-0.019916351,0.4264,1,,,6/4/2019,6/14/2019,3,,,,,,8,0,53,1200,
256,IM,28,IM050,A,5/12/2019,5/14/2019,5/22/2019,,6/30/2019,25,6/1/2019,0,M,0.6337,0.0503,0.1525,0.2201,0.2334,0.245,0.9013,0.18026,0.0418,-0.0071,0.0137,-0.0109,0.076305221,-0.014031621,0.026700448,-0.021826191,0.6568,1,,,6/5/2019,6/14/2019,0,,,,,,0,0,0,0,
257,IM,28,IM050,A,5/12/2019,5/14/2019,5/22/2019,,7/3/2019,29,5/31/2019,0,F,0.5303,0.1324,0.0272,0.1687,0.1932,0.208,0.7295,0.1459,0.0348,0.0157,0.0105,-0.0434,0.070688605,0.03431694,0.02376641,-0.100626014,0.5848,1,,,6/4/2019,6/14/2019,1,,,,,,10,0,10,0,
258,IM,28,IM050,A,5/12/2019,5/15/2019,,5/20/2019,,,,,,,,,,,,,,,,,,,,,,,,,0,,,,,,,,,,,,,
259,IM,28,IM050,A,5/12/2019,5/15/2019,5/21/2019,,7/8/2019,33,6/1/2019,0,F,0.5907,0.1232,0.1921,0.2295,0.2384,0.2503,1.0335,0.2067,0.0226,0.0032,0.0197,-0.0322,0.043713733,0.006472492,0.040105863,-0.068292683,0.9093,1,,,6/5/2019,6/14/2019,1,,,,,,0,0,2,600,
260,IM,28,IM050,B,5/12/2019,5/14/2019,5/22/2019,,7/1/2019,26,6/2/2019,0,M,0.6911,0.0606,0.1717,0.1851,0.2466,0.2599,0.9239,0.18478,0.0551,0.0188,0.0284,-0.0035,0.085017744,0.031703204,0.049460118,-0.006412605,0.7076,1,,,6/5/2019,6/14/2019,2,,,,,,0,600,7,0,
261,IM,28,IM050,B,5/12/2019,5/14/2019,5/23/2019,,7/14/2019,40,6/1/2019,0,M,0.7335,0.0774,0.1987,0.2786,0.3465,0.2024,1.1036,0.22072,0.0636,0.0161,0.027,-0.0118,0.091013165,0.025346348,0.043611694,-0.019929066,0.9742,1,,,6/4/2019,6/14/2019,1,,,,,,40,0,10,0,
262,IM,28,IM050,B,5/12/2019,5/14/2019,5/22/2019,,7/10/2019,35,6/1/2019,0,M,0.7457,0.1628,0.1918,0.2619,0.2873,0.2064,1.1102,0.22204,0.0408,0.0101,0.0188,-0.0249,0.061004785,0.016082803,0.030425635,-0.041562344,0.7833,1,,,6/5/2019,6/14/2019,4,,,,,,325,0,27,0,
263,IM,28,IM050,B,5/12/2019,5/14/2019,5/22/2019,,7/5/2019,31,6/1/2019,0,F,0.6604,0.0555,0.0767,0.198,0.2168,0.2457,0.7927,0.15854,0.0669,0.0382,0.0096,-0.0152,0.106954436,0.068385249,0.018447348,-0.029757244,0.7678,1,,,6/4/2019,6/14/2019,3,,,,,,3,15,40,0,
264,IM,28,IM050,B,5/12/2019,5/14/2019,5/22/2019,,6/23/2019,18,6/1/2019,0,M,0.5976,0.1925,0.1284,0.1778,0.1591,0.1755,0.8333,0.16666,0.0169,0.0389,-0.0066,0.0022,0.033732535,0.080355298,-0.014824798,0.004869411,0.4508,1,,,6/5/2019,6/14/2019,5,,,,,,20,0,10,2520,
265,IM,28,IM050,B,5/12/2019,5/15/2019,5/23/2019,,7/4/2019,29,6/1/2019,0,F,0.65,0.1248,0.1802,0.2075,0.1949,0.2232,0.9306,0.18612,0.0393,0.0051,0.0151,-0.0477,0.069410102,0.009679256,0.028938291,-0.094138544,0.683,1,,,6/5/2019,6/14/2019,0,,,,,,0,600,7,0,
266,IM,28,IM050,B,5/12/2019,5/15/2019,5/23/2019,,7/28/2019,53,6/1/2019,0,F,0.5916,0.1707,0.2074,0.2433,0.2829,0.1612,1.0655,0.2131,0.0366,0.0088,-0.0042,-0.0295,0.069954128,0.018084669,-0.008790289,-0.06120332,0.8904,1,,,6/5/2019,6/14/2019,2,,,,,,600,0,6,0,
267,IM,28,IM050,D,5/12/2019,5/15/2019,5/22/2019,,6/29/2019,25,5/31/2019,0,F,0.4743,0.1125,0.0691,0.1102,0.0888,0.1161,0.4967,0.09934,0.0221,0.0243,0.0375,-0.0071,0.050618415,0.058624849,0.096104562,-0.020130422,0.5522,1,,,6/4/2019,6/14/2019,2,,,,,,0,320,5,0,
268,IM,28,IM050,D,5/12/2019,5/15/2019,5/22/2019,,7/5/2019,31,5/31/2019,0,F,0.6336,0.1331,0.0785,0.1834,0.1663,0.0827,0.644,0.1288,0.0508,0.0197,0.0075,-0.015,0.086645062,0.036788049,0.01454052,-0.029510132,0.7359,1,,,6/4/2019,6/14/2019,2,,,,,,0,120,15,600,
269,IM,28,IM050,D,5/12/2019,5/15/2019,5/22/2019,,7/11/2019,37,5/31/2019,0,F,0.6445,0.1344,0.0858,0.1003,0.1134,0.167,0.6009,0.12018,0.0422,0.0366,0.0441,-0.0045,0.073023014,0.068321822,0.088359046,-0.00989011,0.7534,1,,,6/4/2019,6/14/2019,3,3,6/24/2019,6/27/2019,0,0,0,0,0,0,
270,IM,28,IM050,D,5/12/2019,5/15/2019,5/22/2019,,,,5/31/2019,0,M,0.6509,0.1047,0.0349,0.1199,0.1788,0.1469,0.5852,0.11704,0.0238,0.0676,0.0671,-0.036,0.040711598,0.120542083,0.136050284,-0.08448721,0.5761,1,,,6/4/2019,6/14/2019,3,,,,,,0,0,100,600,
271,IM,28,IM050,D,5/12/2019,5/15/2019,5/22/2019,,6/28/2019,23,6/1/2019,0,M,0.7027,0.1002,0.1712,0.1567,0.138,0.1841,0.7502,0.15004,0.059,0.0122,0.0741,-0.0121,0.09516129,0.021746881,0.135021866,-0.025489783,0.4771,1,,,6/5/2019,6/14/2019,3,,,,,,0,0,30,1800,
272,IM,28,IM050,D,5/12/2019,5/15/2019,5/22/2019,,7/5/2019,31,5/31/2019,0,F,0.5488,0.1217,0.0976,0.1365,0.1338,0.1359,0.6255,0.1251,0.0134,0.0177,0.0372,0.049,0.027870216,0.037869063,0.082721815,0.118787879,0.6601,1,,,6/4/2019,6/14/2019,3,,,,,,2,1,196,0,
273,IM,28,IM050,D,5/12/2019,5/15/2019,5/22/2019,,6/30/2019,26,6/1/2019,0,M,0.6965,0.1105,0.0619,0.1078,0.2127,-0.0548,0.4381,0.08762,0.0848,0.04,0.0328,-0.0311,0.129406379,0.070113935,0.061828464,-0.062487442,0.5609,1,,,6/4/2019,6/14/2019,0,,,,,,10,0,0,0,
274,IM,28,IM050,F,5/12/2019,5/14/2019,5/22/2019,5/23/2019,,,,,,,,,,,,,,,,,,,,,,,,,0,,,,,,,,,,,,,
275,IM,28,IM050,F,5/12/2019,5/14/2019,5/22/2019,,7/4/2019,30,6/1/2019,0,F,0.6134,0.0241,0.0449,0.1658,0.1995,0.1964,0.6307,0.12614,0.0747,0.0353,0.0035,0.0072,0.129958246,0.070585883,0.00753012,0.015608064,0.6141,1,,,6/4/2019,6/14/2019,1,,,,,,0,625,161,0,
276,IM,28,IM050,F,5/12/2019,5/14/2019,5/22/2019,,6/30/2019,26,6/1/2019,0,F,0.6548,0.0292,0.1098,0.1061,0.1348,0.1444,0.5243,0.10486,0.0777,0.019,0.0212,-0.0244,0.128642384,0.036101083,0.041789868,-0.050195433,0.7964,1,,,6/4/2019,6/14/2019,3,3,6/21/2019,6/24/2019,335,2,0,0,0,1200,
277,IM,28,IM050,F,5/12/2019,5/14/2019,5/22/2019,,7/4/2019,30,5/31/2019,0,M,0.6495,0.1956,0.1578,0.1235,0.175,0.1898,0.8417,0.16834,-0.0267,0.0144,0.0277,0.0049,-0.052097561,0.026706231,0.052782012,0.009857172,0.6613,1,,,6/4/2019,6/14/2019,2,,,,,,0,0,3,600,
278,IM,28,IM050,F,5/12/2019,5/14/2019,5/22/2019,,7/8/2019,34,5/31/2019,0,F,0.5645,0.0898,0.0987,0.1786,0.1612,0.1446,0.6729,0.13458,0.0339,0.0262,0.0266,0.0024,0.063697858,0.052578768,0.056343995,0.005387205,0.6691,1,,,6/4/2019,6/14/2019,5,5,6/24/2019,6/27/2019,369,3,0,62,25,1200,
279,IM,28,IM050,F,5/12/2019,5/14/2019,5/21/2019,,7/3/2019,29,5/31/2019,0,M,0.6789,0.1246,0.0905,0.1447,0.1478,0.1903,0.6979,0.13958,0.0546,0.0381,0.0289,0.0095,0.089566929,0.068648649,0.055910234,0.019467213,0.5855,1,,,6/4/2019,6/14/2019,4,,,,,,0,0,45,1200,
280,IM,28,IM050,F,5/12/2019,5/15/2019,5/22/2019,,7/5/2019,30,6/3/2019,0,M,0.5451,0.073,0.1611,0.2276,0.2491,0.1856,0.8964,0.17928,0.0642,,0.0203,-0.0159,0.117776555,,0.042212518,-0.034520191,0.6008,1,,,6/5/2019,6/14/2019,1,,,,,,2,0,15,600,
281,IM,28,IM050,F,5/12/2019,5/15/2019,5/24/2019,,7/1/2019,26,6/1/2019,0,F,0.6392,0.1014,0.168,0.2089,0.1921,0.1717,0.8421,0.16842,0.0423,-0.0021,0.012,-0.0263,0.074498063,-0.003996194,0.022744503,-0.051008534,0.6625,1,,,6/5/2019,6/14/2019,0,,,,,,3,0,110,0,
282,IM,28,IM050,G,5/12/2019,5/15/2019,5/24/2019,,6/26/2019,22,6/1/2019,0,M,0.694,0.0829,0.083,0.1855,0.1975,0.1957,0.7446,0.14892,0.0393,0.0347,0.0179,-0.0231,0.069177962,0.065620272,0.036227484,-0.04850903,0.4955,1,,,6/4/2019,6/14/2019,1,,,,,,0,0,48,600,
283,IM,28,IM050,G,5/12/2019,5/15/2019,,5/28/2019,,,,,,,,,,,,,,,,,,,,,,,,,0,,,,,,,,,,,,,
284,IM,28,IM050,G,5/12/2019,5/15/2019,5/24/2019,,6/26/2019,21,6/1/2019,0,M,0.5574,0.1147,0.091,0.1465,0.1396,0.1783,0.6701,0.13402,-0.0163,0.0609,0.0476,-0.0176,-0.034814182,0.125696594,0.112370161,-0.046808511,0.4019,1,,,6/5/2019,6/14/2019,3,,,,,,60,0,0,600,
285,IM,28,IM050,G,5/12/2019,5/15/2019,5/22/2019,,7/8/2019,34,5/31/2019,0,F,0.5771,0.0992,0.0874,0.1564,0.1602,0.182,0.6852,0.13704,0.0479,0.0317,0.0172,-0.0006,0.089149451,0.064773192,0.0375792,-0.001362089,0.7362,1,,,6/4/2019,6/14/2019,1,,,,,,0,600,0,0,
286,IM,28,IM050,G,5/12/2019,5/15/2019,5/22/2019,,6/30/2019,25,6/1/2019,0,M,0.6111,0.0668,0.1431,0.1073,0.1174,0.1807,0.6153,0.12306,0.0507,0.0124,0.0648,-0.0244,0.09156583,0.024652087,0.132083163,-0.057303899,0.6027,1,,,6/5/2019,6/14/2019,0,,,,,,0,0,7,0,
287,IM,28,IM050,G,5/12/2019,5/15/2019,5/22/2019,,7/6/2019,31,6/1/2019,0,F,0.7284,0.0507,0.1504,0.2293,0.2203,0.2129,0.8636,0.17272,0.0622,0.0169,0.0057,-0.0077,0.097599247,0.029386194,0.010211394,-0.013936652,0.6133,1,,,6/5/2019,6/14/2019,1,,,,,,300,660,302,1200,
288,IM,28,IM050,G,5/12/2019,5/15/2019,5/22/2019,,7/3/2019,29,5/31/2019,0,F,0.4983,0.0961,0.1011,0.1412,0.1465,0.1441,0.629,0.1258,0.0267,0.0137,0.028,-0.0303,0.058030863,0.031610521,0.06671432,-0.077355119,0.6214,1,,,6/4/2019,6/14/2019,4,4,6/21/2019,6/24/2019,13,1,0,420,11,840,
289,IM,54,IM100,A,5/12/2019,5/14/2019,5/23/2019,,6/28/2019,24,6/1/2019,0,M,0.6443,0.1507,0.1324,0.1616,0.1993,0.1772,0.8212,0.16424,0.054,0.0315,0.0543,0.0176,0.088062622,0.056330472,0.102899375,0.037177862,0.492,1,,,6/4/2019,6/14/2019,5,,,,,,60,0,24,120,
290,IM,54,IM100,A,5/12/2019,5/14/2019,,5/28/2019,,,,,,,,,,,,,,,,,,,,,,,,,0,,,,,,,,,,,,,
291,IM,54,IM100,A,5/12/2019,5/14/2019,5/22/2019,,7/7/2019,33,6/1/2019,0,F,0.6702,0.0808,0.1045,0.2625,0.2541,0.2841,0.986,0.1972,0.0692,0.0255,-0.0107,-0.0286,0.111236136,0.046120456,-0.020288206,-0.053149972,0.7006,1,,,6/4/2019,6/14/2019,0,,,,,,0,0,22,0,
292,IM,54,IM100,A,5/12/2019,5/14/2019,,5/23/2019,,,,,,,,,,,,,,,,,,,,,,,,,0,,,,,,,,,,,,,
293,IM,54,IM100,A,5/12/2019,5/14/2019,5/22/2019,5/23/2019,,,,,,,,,,,,,,,,,,,,,,,,,0,,,,,,,,,,,,,
294,IM,54,IM100,A,5/12/2019,5/14/2019,5/22/2019,,7/7/2019,33,6/1/2019,0,F,0.6059,0.0559,0.1076,0.1443,0.1764,0.173,0.6572,0.13144,0.0476,0.0306,0.0324,-0.0062,0.084292545,0.059176175,0.06659815,-0.01365338,0.6981,1,,,6/4/2019,6/14/2019,1,,,,,,2,0,9,600,
295,IM,54,IM100,A,5/12/2019,5/15/2019,5/25/2019,5/26/2019,,,,,,,,,,,,,,,,,,,,,,,,,0,,,,,,,,,,,,,
296,IM,54,IM100,A,5/12/2019,5/15/2019,5/23/2019,,7/10/2019,35,6/1/2019,0,F,0.6474,0.1213,0.2314,0.2724,0.2782,0.2078,1.1111,0.22222,0.0174,0.0006,0.0266,-0.0377,0.031827328,0.001133573,0.050312086,-0.075084644,0.9512,1,,,6/5/2019,6/14/2019,5,5,6/24/2019,6/27/2019,140,3,10,0,17,1800,
297,IM,54,IM100,B,5/12/2019,5/14/2019,5/22/2019,,7/6/2019,31,6/2/2019,0,M,0.5999,0.0508,0.1743,0.1273,0.1963,0.2382,0.7869,0.15738,0.0632,-0.0018,0.0418,-0.0283,0.111858407,-0.003587086,0.083002383,-0.06128194,0.6782,1,,,6/5/2019,6/14/2019,2,,,,,,0,0,10,600,
298,IM,54,IM100,B,5/12/2019,5/14/2019,5/23/2019,,7/8/2019,34,6/1/2019,0,M,0.7208,0.0926,0.1155,0.2155,0.2543,0.1893,0.8672,0.17344,0.0578,0.0525,0.019,-0.0157,0.087363966,0.086949321,0.034463994,-0.029494646,0.703,1,,,6/4/2019,6/14/2019,4,,,,,,0,0,5,1800,
299,IM,54,IM100,B,5/12/2019,5/14/2019,5/24/2019,,7/7/2019,32,6/3/2019,0,F,0.6405,0.0487,0.0965,0.0579,0.2192,0.2466,0.6689,0.13378,0.0768,0.0242,0.0194,0.0033,0.119906323,0.042930637,0.035959222,0.006344934,0.8113,1,,,6/5/2019,6/14/2019,0,,,,,,360,0,0,0,
300,IM,54,IM100,B,5/12/2019,5/14/2019,5/23/2019,,7/3/2019,28,6/1/2019,0,F,0.6415,0.092,0.205,0.2217,0.2545,0.3121,1.0853,0.21706,0.0339,-0.0029,0.0155,-0.0186,0.059578207,-0.005419548,0.028810409,-0.035598086,0.5438,1,,,6/5/2019,6/14/2019,1,,,,,,0,600,7,0,
301,IM,54,IM100,B,5/12/2019,5/14/2019,5/25/2019,,6/22/2019,16,6/4/2019,0,M,0.412,0.0604,0.1293,0.1728,0.203,,0.5655,0.141375,0.0572,0.0547,-0.0205,,0.138834951,0.154171364,-0.068310563,,0.2488,1,,,6/6/2019,6/14/2019,1,,,,,,182,0,9,0,
302,IM,54,IM100,B,5/12/2019,5/15/2019,5/22/2019,,6/23/2019,18,6/2/2019,0,M,0.7404,0.0511,0.1263,0.0635,0.1844,0.1456,0.5709,0.11418,0.0601,0.0145,0.0571,-0.0132,0.086016889,0.022705919,0.091491748,-0.023280423,1.0131,1,,,6/5/2019,6/14/2019,0,,,,,,600,1980,2,0,
303,IM,54,IM100,B,5/12/2019,5/15/2019,5/22/2019,,6/30/2019,25,6/2/2019,0,M,0.6512,0.0479,0.1089,0.2023,0.2342,0.1772,0.7705,0.1541,0.0486,0.0113,0.017,-0.0026,0.079816062,0.020167767,0.030965392,-0.004887218,0.6723,1,,,6/5/2019,6/14/2019,0,,,,,,0,0,10,0,
304,IM,54,IM100,D,5/12/2019,5/15/2019,5/22/2019,,6/26/2019,21,6/1/2019,0,M,0.7077,0.1256,0.1357,0.181,0.1246,0.1113,0.6782,0.13564,0.0372,0.0189,0.0373,0.0478,0.061457129,0.033268791,0.06791697,0.093377613,0.4634,1,,,6/5/2019,6/14/2019,3,,,,,,0,0,3,0,
305,IM,54,IM100,D,5/12/2019,5/15/2019,5/22/2019,,6/30/2019,26,5/31/2019,0,M,0.5776,0.1626,0.0848,0.1202,0.2018,0.1578,0.7272,0.14544,0.0087,0.0291,0.0268,-0.0087,0.016724337,0.056891496,0.055555556,-0.019095698,0.4702,1,,,6/4/2019,6/14/2019,2,,,,,,3,0,92,600,
306,IM,54,IM100,D,5/12/2019,5/15/2019,5/22/2019,,7/7/2019,33,5/31/2019,0,F,0.6078,0.1074,0.1099,0.1459,0.1433,0.1639,0.6704,0.13408,0.0497,0.03,0.0552,0.0187,0.089420655,0.059276823,0.115942029,0.044428605,0.684,1,,,6/4/2019,6/14/2019,3,3,6/24/2019,6/27/2019,192,3,2,60,130,600,
307,IM,54,IM100,D,5/12/2019,5/15/2019,5/23/2019,,6/19/2019,15,5/31/2019,0,M,0.6918,0.1051,0.0896,0.1378,0.1517,0.1351,0.6193,0.12386,0.0441,0.0307,0.043,-0.0074,0.068087077,0.050861498,0.075056729,-0.013964899,,1,,,6/4/2019,6/14/2019,2,,,,,,5,0,15,600,
308,IM,54,IM100,D,5/12/2019,5/15/2019,5/22/2019,,7/12/2019,38,5/31/2019,0,F,0.6755,0.1146,0.1229,0.1525,0.2399,0.2348,0.8647,0.17294,0.0351,0.0244,0.0262,-0.0166,0.058373524,0.043094313,0.048357327,-0.0321955,0.8058,1,,,6/4/2019,6/14/2019,1,,,,,,0,0,7,0,
309,IM,54,IM100,D,5/12/2019,5/15/2019,5/22/2019,,7/6/2019,32,5/31/2019,0,F,0.5516,0.1647,0.1576,0.1543,0.1969,0.1593,0.8328,0.16656,0.0065,0.0135,0.0246,-0.0176,0.013033888,0.027427875,0.051389179,-0.038757983,0.7345,1,,,6/4/2019,6/14/2019,1,,,,,,10,0,0,0,
310,IM,54,IM100,D,5/12/2019,5/15/2019,5/24/2019,,6/30/2019,25,6/1/2019,0,M,0.7275,0.111,0.1712,0.1706,0.1743,0.1826,0.8097,0.16194,0.0415,0.0089,0.0374,-0.0107,0.066093327,0.015177353,0.064761905,-0.019811146,0.6197,1,,,6/5/2019,6/14/2019,3,,,,,,60,722,9,1200,
311,IM,54,IM100,F,5/12/2019,5/14/2019,5/23/2019,,7/5/2019,31,6/1/2019,0,M,0.6141,0.0781,0.0615,0.1795,0.1483,0.1434,0.6108,0.12216,0.0598,0.0306,0.0174,-0.0065,0.104054289,0.059429015,0.035928144,-0.013921611,0.5584,1,,,6/4/2019,6/14/2019,0,,,,,,15,0,107,0,
312,IM,54,IM100,F,5/12/2019,5/14/2019,5/22/2019,,6/27/2019,23,5/31/2019,0,M,0.6432,0.0682,0.1461,0.2249,0.1986,0.1881,0.8259,0.16518,0.0508,0.0022,0.034,-0.001,0.087270228,0.004140787,0.064260064,-0.002019794,0.5916,1,,,6/4/2019,6/14/2019,1,,,,,,0,0,52,600,
313,IM,54,IM100,F,5/12/2019,5/14/2019,5/22/2019,,7/3/2019,29,5/31/2019,0,F,0.4648,0.0962,0.0686,0.0646,0.0909,0.1144,0.4347,0.08694,0.0085,0.0348,0.0651,-0.0127,0.020828228,0.087087087,0.178453947,-0.042375709,0.4963,1,,,6/4/2019,6/14/2019,2,2,6/21/2019,6/24/2019,102,2,600,600,20,600,
314,IM,54,IM100,F,5/12/2019,5/14/2019,5/22/2019,,7/7/2019,33,6/1/2019,0,M,0.6586,0.0717,0.1442,0.222,0.2104,0.2183,0.8666,0.17332,0.083,0.0031,0.0219,-0.0102,0.133719994,0.005765297,0.040965208,-0.019894675,0.6797,1,,,6/4/2019,6/14/2019,4,,,,,,0,0,10,600,
315,IM,54,IM100,F,5/12/2019,5/14/2019,5/23/2019,,7/3/2019,28,6/1/2019,0,M,0.6429,0.1753,0.2241,0.2402,0.1325,0.1246,0.8967,0.17934,-0.0021,-0.0017,0.0199,0.0093,-0.003865268,-0.003116978,0.036373606,0.017640364,0.6961,1,,,6/5/2019,6/14/2019,0,,,,,,0,600,0,0,
316,IM,54,IM100,F,5/12/2019,5/15/2019,5/22/2019,,6/29/2019,25,6/1/2019,0,M,0.7574,0.0995,0.1385,0.2052,0.1875,0.1996,0.8303,0.16606,0.1076,0.0336,0.0234,0.0028,0.155199769,0.057367253,0.042383626,0.005296009,0.5545,1,,,6/4/2019,6/14/2019,5,,,,,,2,0,392,1800,
317,IM,54,IM100,F,5/12/2019,5/15/2019,5/23/2019,,6/27/2019,22,6/2/2019,0,M,0.6373,0.0334,0.1077,0.1234,0.1682,0.1513,0.584,0.1168,0.0435,0.0304,0.0551,-0.0365,0.074346266,0.056129985,0.107785603,-0.08002631,0.4955,1,,,6/5/2019,6/14/2019,0,,,,,,240,0,0,0,
318,IM,54,IM100,G,5/12/2019,5/15/2019,5/23/2019,,7/6/2019,32,6/1/2019,0,F,0.5826,0.1789,0.1763,0.1474,0.1789,0.1531,0.8346,0.16692,0.0256,0.0041,0.0389,-0.0132,0.045181786,0.007578558,0.072452971,-0.026506024,0.7164,1,,,6/4/2019,6/14/2019,1,,,,,,20,0,21,0,
319,IM,54,IM100,G,5/12/2019,5/15/2019,5/22/2019,,7/3/2019,29,6/1/2019,0,M,0.7363,0.0182,0.0859,0.0487,0.164,0.2282,0.545,0.109,0.0841,0.0219,0.0758,-0.0424,0.121549357,0.036031589,0.129373613,-0.083120957,0.5644,1,,,6/4/2019,6/14/2019,5,,,,,,3,0,50,1200,
320,IM,54,IM100,G,5/12/2019,5/15/2019,5/23/2019,,6/30/2019,25,6/1/2019,0,F,0.5711,0.0993,0.1595,0.1396,0.1472,0.1687,0.7143,0.14286,0.0389,0.0029,0.0288,0.0037,0.079598936,0.00644731,0.064443947,0.008849558,0.6541,1,,,6/5/2019,6/14/2019,1,,,,,,0,480,10,0,
321,IM,54,IM100,G,5/12/2019,5/15/2019,5/22/2019,,6/25/2019,21,5/31/2019,0,M,0.5492,0.1277,0.0937,0.1224,0.1476,0.1599,0.6513,0.13026,0.0259,0.0316,0.0313,-0.0139,0.053402062,0.06883032,0.073216374,-0.035083291,0.4223,1,,,6/4/2019,6/14/2019,2,,,,,,0,605,2,0,
322,IM,54,IM100,G,5/12/2019,5/15/2019,5/24/2019,,6/28/2019,23,6/1/2019,0,F,0.5207,0.0904,0.1077,0.0893,0.1268,0.1702,0.5844,0.11688,0.024,0.0153,0.0392,-0.0033,0.051435919,0.034568459,0.091738825,-0.008502963,0.6222,1,,,6/5/2019,6/14/2019,2,2,6/21/2019,6/24/2019,76,2,10,0,24,1200,
323,IM,54,IM100,G,5/12/2019,5/15/2019,5/22/2019,,7/1/2019,26,6/1/2019,0,F,0.5005,0.1394,0.1855,0.195,0.1823,0.1699,0.8721,0.17442,0.0219,-0.012,0.0132,-0.0053,0.049424509,-0.028490028,0.030470914,-0.012619048,0.5445,1,,,6/5/2019,6/14/2019,1,,,,,,5,660,135,0,
324,IM,54,IM100,G,5/12/2019,5/15/2019,5/23/2019,,6/26/2019,22,5/31/2019,0,M,0.5149,0.0771,0.1249,0.1816,0.155,0.1336,0.6722,0.13444,0.0298,0.0221,0.0108,0.0152,0.061557529,0.048646269,0.024988431,0.036070242,0.5185,1,,,6/4/2019,6/14/2019,0,,,,,,0,0,109,0,
325,IM,386,IM500,A,5/12/2019,5/14/2019,5/23/2019,,6/28/2019,24,6/1/2019,0,M,0.6622,0.1515,0.1229,0.1302,0.1567,0.1262,0.6875,0.1375,0.0485,0.0346,0.0562,-0.0171,0.078682674,0.060926219,0.105381586,-0.035841543,0.5472,1,,,6/4/2019,6/14/2019,0,,,,,,20,600,9,0,
326,IM,386,IM500,A,5/12/2019,5/14/2019,5/23/2019,,6/22/2019,18,6/1/2019,0,F,0.5082,0.1931,0.2475,0.254,0.2576,0.2582,1.2104,0.24208,0.0052,0.0147,-0.0024,-0.0147,0.010899183,0.031150668,-0.005249344,-0.031984334,0.3789,1,,,6/4/2019,6/14/2019,1,,,,,,2,0,27,0,
327,IM,386,IM500,A,5/12/2019,5/14/2019,5/23/2019,,6/24/2019,20,6/1/2019,0,M,0.6024,0.1402,0.2032,0.0765,0.1264,0.1747,0.721,0.1442,0.024,0.0088,0.0526,-0.0047,0.044052863,0.016897081,0.102734375,-0.010230736,0.5485,1,,,6/4/2019,6/14/2019,5,,,,,,0,0,10,1200,
328,IM,386,IM500,A,5/12/2019,5/14/2019,5/23/2019,,6/30/2019,25,6/1/2019,0,M,0.603,0.1431,0.2121,0.1131,0.1581,0.1509,0.7773,0.15546,0.0117,0.014,0.0295,-0.0026,0.021546961,0.026350461,0.05702687,-0.005330053,0.5113,1,,,6/5/2019,6/14/2019,1,,,,,,0,600,4,0,
329,IM,386,IM500,A,5/12/2019,5/14/2019,5/22/2019,,7/3/2019,28,6/2/2019,0,F,0.6639,0.1452,0.2834,0.3444,0.3303,0.3421,1.4454,0.28908,0.028,-0.0006,-0.0268,-0.0317,0.04576659,-0.001027749,-0.045859001,-0.051865183,0.7087,1,,,6/5/2019,6/14/2019,1,,,,,,5,0,22,0,
330,IM,386,IM500,A,5/12/2019,5/15/2019,5/21/2019,,7/7/2019,33,5/31/2019,0,F,0.4792,0.162,0.0551,0.1815,0.1669,0.1818,0.7473,0.14946,-0.0101,0.0368,0.0105,-0.0284,-0.023703356,0.08436497,0.026289434,-0.073026485,0.4901,1,,,6/4/2019,6/14/2019,3,3,6/24/2019,6/27/2019,2,3,120,1200,30,900,
331,IM,386,IM500,A,5/12/2019,5/15/2019,5/24/2019,,6/30/2019,25,6/1/2019,0,F,0.3152,0.1166,0.178,0.1663,0.2101,0.1569,0.8279,0.16558,-0.005,-0.0124,-0.0147,-0.0272,-0.019062143,-0.046389824,-0.05255631,-0.092391304,0.3801,1,,,6/5/2019,6/14/2019,2,,,,,,0,0,24,1200,
332,IM,386,IM500,B,5/12/2019,5/14/2019,5/25/2019,6/6/2019,,,6/6/2019,,,,,,,,,,,,,,,,,,,,,,0,,,,,,,,,,,,,
333,IM,386,IM500,B,5/12/2019,5/14/2019,5/22/2019,,6/26/2019,22,6/1/2019,0,M,0.6703,0.0655,0.0667,0.1294,0.1467,0.0868,0.4951,0.09902,0.0396,0.0364,0.0767,-0.1127,0.064171123,0.063030303,0.141748291,-0.242678725,0.5147,1,,,6/4/2019,6/14/2019,0,,,,,,20,780,13,0,
334,IM,386,IM500,B,5/12/2019,5/14/2019,5/22/2019,,7/9/2019,34,6/2/2019,0,F,0.5802,0.0381,0.1572,0.1324,0.217,0.2485,0.7932,0.15864,0.0759,-0.0145,0.0475,-0.0524,0.137774551,-0.030526316,0.097037794,-0.118552036,0.7908,1,,,9/5/2019,6/14/2019,1,,,,,,13,600,22,120,
335,IM,386,IM500,B,5/12/2019,5/14/2019,5/23/2019,,7/9/2019,34,6/1/2019,0,F,0.616,0.1144,0.1511,0.0931,0.1987,0.1361,0.6934,0.13868,0.0219,0.0077,0.0566,-0.0282,0.042066846,0.015440144,0.115274949,-0.064917127,0.7861,1,,,6/5/2019,6/14/2019,0,,,,,,2,540,64,0,
336,IM,386,IM500,B,5/12/2019,5/14/2019,5/22/2019,,7/7/2019,32,6/2/2019,0,F,0.5879,0.0604,0.0744,0.1108,0.1849,0.2379,0.6684,0.13368,0.0424,0.0284,0.0636,-0.0262,0.076012908,0.055102833,0.130595483,-0.061880019,0.6308,1,,,6/5/2019,6/14/2019,4,4,6/24/2019,6/27/2019,93,3,0,0,75,1200,
337,IM,386,IM500,B,5/12/2019,5/14/2019,5/23/2019,,7/8/2019,34,5/31/2019,0,F,0.379,0.1413,0.0896,0.1589,0.208,0.196,0.7938,0.15876,-0.0279,0.0287,0.0066,-0.0184,-0.085425597,0.080959097,0.020257827,-0.05764411,0.493,1,,,6/4/2019,6/14/2019,1,,,,,,0,0,0,0,
338,IM,386,IM500,B,5/12/2019,5/15/2019,5/21/2019,,7/18/2019,43,6/1/2019,0,F,0.5891,0.1718,0.2368,0.2572,0.2728,0.2667,1.2053,0.24106,0.0041,-0.0088,0.0069,-0.0355,0.00829288,-0.017948195,0.013824885,-0.072125152,0.9084,1,,,6/5/2019,6/14/2019,4,,,,,,10,0,7,2400,
339,IM,386,IM500,B,5/12/2019,5/15/2019,5/22/2019,,7/8/2019,33,6/2/2019,0,F,0.5838,0.0993,0.1503,0.1387,0.2776,0.1875,0.8534,0.17068,0.0198,0.0063,0.0271,-0.0403,0.035856574,0.011833208,0.05151112,-0.080761523,0.6126,1,,,6/5/2019,6/14/2019,4,4,6/21/2019,6/24/2019,200,1,0,0,10,1200,
340,IM,386,IM500,D,5/12/2019,5/15/2019,5/22/2019,,6/14/2019,10,5/31/2019,0,F,0.5071,0.1096,0.0629,0.0622,0.09,0.0576,0.3823,0.07646,0.0038,0.0456,0.089,-0.008,0.00839408,0.101581644,0.220679395,-0.025453388,,0,5,1,6/4/2019,,,,,,,,,,,,
341,IM,386,IM500,D,5/12/2019,5/15/2019,5/22/2019,,7/6/2019,32,6/1/2019,0,F,0.623,0.1135,0.1215,0.1351,0.1923,0.2067,0.7691,0.15382,0.0588,0.0248,0.0118,-0.002,0.100840336,0.047301163,0.023623624,-0.004100882,0.7844,1,,,6/4/2019,6/14/2019,2,,,,,,0,60,12,600,
342,IM,386,IM500,D,5/12/2019,5/15/2019,5/22/2019,,6/27/2019,22,6/1/2019,0,M,0.639,0.1237,0.1606,0.0287,0.1205,0.185,0.6185,0.1237,0.013,-0.0046,0.0838,-0.026,0.025028879,-0.009083728,0.163992172,-0.060861423,0.4983,1,,,6/5/2019,6/14/2019,1,,,,,,0,0,10,1200,
343,IM,386,IM500,D,5/12/2019,5/15/2019,5/22/2019,,6/26/2019,22,5/31/2019,0,F,0.5476,0.1286,0.1012,0.1231,0.11,0.1337,0.5966,0.11932,0.0132,0.0263,0.0608,0.0301,0.027182867,0.055673158,0.136292311,0.078120945,0.5381,1,,,6/4/2019,6/14/2019,0,,,,,,0,0,78,0,
344,IM,386,IM500,D,5/12/2019,5/15/2019,5/22/2019,5/24/2019,,,,,,,,,,,,,,,,,,,,,,,,,0,,,,,,,,,20,,,,
345,IM,386,IM500,D,5/12/2019,5/15/2019,5/22/2019,,7/5/2019,31,5/31/2019,0,F,0.5408,0.0992,0.0713,0.1664,0.1818,0.1493,0.668,0.1336,0.0388,0.0281,0.0297,-0.009,0.078685865,0.061853401,0.069685594,-0.022698613,0.6136,1,,,6/4/2019,6/14/2019,0,,,,,,0,120,2,0,
346,IM,386,IM500,D,5/12/2019,5/15/2019,5/23/2019,,7/5/2019,31,6/1/2019,0,F,0.6179,0.1615,0.0881,0.1488,0.1321,0.2313,0.7618,0.15236,0.0124,0.026,0.0277,-0.0252,0.021935256,0.047024778,0.052571645,-0.050480769,0.7098,1,,,6/4/2019,6/14/2019,1,,,,,,0,0,10,0,
347,IM,386,IM500,F,5/12/2019,5/14/2019,5/23/2019,,6/28/2019,23,6/1/2019,0,M,0.6952,0.1407,0.1843,0.2284,0.2255,0.2469,1.0258,0.20516,0.0341,0.0079,0.0201,-0.0327,0.058651531,0.014434497,0.037263626,-0.062969382,0.4924,1,,,6/5/2019,6/14/2019,1,,,,,,3,600,58,600,
348,IM,386,IM500,F,5/12/2019,5/14/2019,5/22/2019,,6/14/2019,9,6/1/2019,0,M,0.5464,0.1177,0.1616,0.1615,0.0444,,0.4852,0.1213,0.015,0.004,-0.0106,,0.029994001,0.008245723,-0.022032841,,,0,4,1,6/5/2019,,,,,,,,,,,,
349,IM,386,IM500,F,5/12/2019,5/14/2019,5/21/2019,,6/28/2019,24,6/1/2019,0,M,0.6868,0.1496,0.0925,0.1399,0.1873,0.1634,0.7327,0.14654,0.0593,0.0396,0.0192,-0.0066,0.095645161,0.070626003,0.036845135,-0.01315003,0.5341,1,,,6/4/2019,6/14/2019,1,,,,,,600,600,20,0,
350,IM,386,IM500,F,5/12/2019,5/14/2019,5/22/2019,,7/6/2019,32,5/31/2019,0,F,0.5336,0.1359,0.0756,0.1587,0.164,0.1816,0.7158,0.14316,0.0156,0.0319,0.0179,-0.0103,0.031771894,0.067101388,0.040360767,-0.024201128,0.7104,1,,,6/4/2019,6/14/2019,2,,,,,,0,0,2,480,
351,IM,386,IM500,F,5/12/2019,5/14/2019,5/22/2019,,7/10/2019,35,6/1/2019,0,F,0.6506,0.1501,0.1602,0.1943,0.2075,0.2708,0.9829,0.19658,0.0173,0.0087,0.0383,-0.0409,0.031500364,0.016356458,0.073203364,-0.084347288,0.69,1,,,6/5/2019,6/14/2019,1,,,,,,2,0,67,0,
352,IM,386,IM500,F,5/12/2019,5/15/2019,5/23/2019,,7/16/2019,41,6/1/2019,0,F,0.7391,0.0828,0.1553,0.1358,0.1855,0.1812,0.7406,0.14812,0.0481,0.0171,0.0313,-0.0146,0.074515879,0.028624037,0.053937618,-0.026593807,0.9,1,,,6/5/2019,6/14/2019,2,,,,,,0,180,0,600,
353,IM,386,IM500,F,5/12/2019,5/15/2019,5/23/2019,,7/7/2019,33,6/1/2019,0,M,0.7928,0.0963,0.0982,0.18,0.1886,0.2214,0.7845,0.1569,0.0703,0.0489,0.0391,-0.0237,0.096340962,0.074158326,0.064045864,-0.041477074,0.9365,1,,,6/4/2019,6/14/2019,1,,,,,,0,120,24,0,
354,IM,386,IM500,G,5/12/2019,5/15/2019,5/22/2019,5/23/2019,,,,,,,,,,,,,,,,,,,,,,,,,0,,,,,,,,,,,,,
355,IM,386,IM500,G,5/12/2019,5/15/2019,5/22/2019,,7/11/2019,37,5/31/2019,0,F,0.5764,0.0876,0.1161,0.1257,0.191,0.1465,0.6669,0.13338,0.0327,0.0182,0.0115,-0.0039,0.061628345,0.036553525,0.023973317,-0.008329774,0.7534,1,,,6/4/2019,6/14/2019,3,3,6/21/2019,6/24/2019,0,0,0,420,32,1200,
356,IM,386,IM500,G,5/12/2019,5/15/2019,5/23/2019,,7/5/2019,30,6/2/2019,0,M,0.565,0.1419,0.1932,0.1619,0.1898,0.1898,0.8766,0.17532,0.0062,0.0111,0.0196,-0.0448,0.011344922,0.020544142,0.037037037,-0.087912088,0.6146,1,,,6/5/2019,6/14/2019,2,,,,,,25,300,82,0,
357,IM,386,IM500,G,5/12/2019,5/15/2019,5/21/2019,,7/13/2019,39,5/31/2019,0,F,0.6244,0.1487,0.1098,0.1854,0.2199,0.212,0.8758,0.17516,0.0216,0.0273,0.007,-0.022,0.037981361,0.04989947,0.013466718,-0.042901716,1.0291,1,,,6/4/2019,6/14/2019,0,,,,,,0,0,0,0,
358,IM,386,IM500,G,5/12/2019,5/15/2019,5/22/2019,,6/15/2019,11,5/31/2019,0,F,0.4965,0.1057,0.0931,0.1113,0.1115,0.1051,0.5267,0.10534,0.0195,0.0406,0.0343,-0.0031,0.044147612,0.096162956,0.089884696,-0.008926001,,1,,1,6/4/2019,6/14/2019,0,,,,,,,,,,
359,IM,386,IM500,G,5/12/2019,5/15/2019,5/23/2019,,6/24/2019,20,5/31/2019,0,M,0.5623,0.1447,0.1392,0.1708,0.1837,0.1617,0.8001,0.16002,0.0191,0.0201,0.0295,-0.0344,0.036979671,0.040410133,0.061805992,-0.076820009,0.4969,1,,,6/4/2019,6/14/2019,0,,,,,,20,180,50,240,
360,IM,386,IM500,G,5/12/2019,5/15/2019,5/23/2019,,7/5/2019,30,6/1/2019,0,M,0.7109,0.1301,0.1875,0.15,0.2329,0.2934,0.9939,0.19878,0.0215,-0.0013,0.0348,-0.0259,0.036403657,-0.002284309,0.061009818,-0.048356983,0.7351,1,,,6/5/2019,6/14/2019,0,,,,,,0,0,40,0,
